Spotify URI,Voter ID,Created,Points Assigned,Comment,Round ID
spotify:track:26EM9sZnQkLLQxixGd88KE,fb5a064490e94e9ea947db8cde7bc9f3,2025-02-25T03:49:21Z,1,,354c0886862a46d1a382d0b0c9ad7918
spotify:track:2tUBqZG2AbRi7Q0BIrVrEj,fb5a064490e94e9ea947db8cde7bc9f3,2025-02-25T03:49:21Z,1,,354c0886862a46d1a382d0b0c9ad7918
spotify:track:3Fzlg5r1IjhLk2qRw667od,fb5a064490e94e9ea947db8cde7bc9f3,2025-02-25T03:49:21Z,1,,354c0886862a46d1a382d0b0c9ad7918
spotify:track:5YJtMNWKe55yr49cyJgxva,4d224c85483b4c4381c7121c3973a84f,2025-02-26T04:30:16Z,1,,354c0886862a46d1a382d0b0c9ad7918
spotify:track:68o1mDkJzpvTshz9xrfduC,4d224c85483b4c4381c7121c3973a84f,2025-02-26T04:30:16Z,1,The only version of this song I'll listen to you,354c0886862a46d1a382d0b0c9ad7918
spotify:track:6FcDxtnGfsYHOcGkXN2OIG,4d224c85483b4c4381c7121c3973a84f,2025-02-26T04:30:16Z,1,,354c0886862a46d1a382d0b0c9ad7918
spotify:track:0qMip0B2D4ePEjBJvAtYre,0067913c8633447f84a29db3863f4ae0,2025-02-26T04:31:55Z,1,,354c0886862a46d1a382d0b0c9ad7918
spotify:track:2P1ZqQq8rQtmV7BLZ0Junn,0067913c8633447f84a29db3863f4ae0,2025-02-26T04:31:55Z,1,,354c0886862a46d1a382d0b0c9ad7918
spotify:track:3Fzlg5r1IjhLk2qRw667od,0067913c8633447f84a29db3863f4ae0,2025-02-26T04:31:55Z,1,,354c0886862a46d1a382d0b0c9ad7918
spotify:track:0GLyqTysS0DFoeKjURtB8s,d994f48c4cee4e7190129a4e23c37ba4,2025-02-26T04:34:15Z,1,,354c0886862a46d1a382d0b0c9ad7918
spotify:track:2qSkIjg1o9h3YT9RAgYN75,d994f48c4cee4e7190129a4e23c37ba4,2025-02-26T04:34:15Z,1,,354c0886862a46d1a382d0b0c9ad7918
spotify:track:2tUBqZG2AbRi7Q0BIrVrEj,d994f48c4cee4e7190129a4e23c37ba4,2025-02-26T04:34:15Z,1,,354c0886862a46d1a382d0b0c9ad7918
spotify:track:11LmqTE2naFULdEP94AUBa,4d224c85483b4c4381c7121c3973a84f,2025-03-13T07:35:55Z,1,,9b108eb4edeb40c881460d6ccab2fea8
spotify:track:2auGZBF35U0Hx18EzGSVOX,4d224c85483b4c4381c7121c3973a84f,2025-03-13T07:35:55Z,2,,9b108eb4edeb40c881460d6ccab2fea8
spotify:track:2VtXANhW6YpAzsMDQCFkAv,4d224c85483b4c4381c7121c3973a84f,2025-03-13T07:35:55Z,1,,9b108eb4edeb40c881460d6ccab2fea8
spotify:track:33CYO63qC6GGwK5WAFFFD2,4d224c85483b4c4381c7121c3973a84f,2025-03-13T07:35:55Z,1,,9b108eb4edeb40c881460d6ccab2fea8
spotify:track:4Dr0p9x5hcrjRxGU3tYZsm,4d224c85483b4c4381c7121c3973a84f,2025-03-13T07:35:55Z,1,,9b108eb4edeb40c881460d6ccab2fea8
spotify:track:0ICNCIl4m3g4xC8zvxCq5f,5386dc3d7c61409e91f87bb5c0593d59,2025-03-14T01:52:34Z,1,,9b108eb4edeb40c881460d6ccab2fea8
spotify:track:11LmqTE2naFULdEP94AUBa,5386dc3d7c61409e91f87bb5c0593d59,2025-03-14T01:52:34Z,1,,9b108eb4edeb40c881460d6ccab2fea8
spotify:track:1E3VQQWFQAPJkXfYHjqWoI,5386dc3d7c61409e91f87bb5c0593d59,2025-03-14T01:52:34Z,1,,9b108eb4edeb40c881460d6ccab2fea8
spotify:track:4Dr0p9x5hcrjRxGU3tYZsm,5386dc3d7c61409e91f87bb5c0593d59,2025-03-14T01:52:34Z,1,,9b108eb4edeb40c881460d6ccab2fea8
spotify:track:5VsqyVi1rbl1zppQ3hXYWG,5386dc3d7c61409e91f87bb5c0593d59,2025-03-14T01:52:34Z,1,,9b108eb4edeb40c881460d6ccab2fea8
spotify:track:5VUQOqQmadEMFHf9PJneyK,5386dc3d7c61409e91f87bb5c0593d59,2025-03-14T01:52:34Z,1,,9b108eb4edeb40c881460d6ccab2fea8
spotify:track:0IQ3KOas5wGRregqoMb9HF,64960925d3654633a3c3cc71a78cd073,2025-03-14T01:55:04Z,1,,9b108eb4edeb40c881460d6ccab2fea8
spotify:track:1OCeLebXU2Y9qxeDH25Cuo,64960925d3654633a3c3cc71a78cd073,2025-03-14T01:55:04Z,1,,9b108eb4edeb40c881460d6ccab2fea8
spotify:track:2auGZBF35U0Hx18EzGSVOX,64960925d3654633a3c3cc71a78cd073,2025-03-14T01:55:04Z,1,,9b108eb4edeb40c881460d6ccab2fea8
spotify:track:48KXAIruJ07kJVCWOGohMV,64960925d3654633a3c3cc71a78cd073,2025-03-14T01:55:04Z,1,,9b108eb4edeb40c881460d6ccab2fea8
spotify:track:5tkVC8EcUXEZNwmD45e7tq,64960925d3654633a3c3cc71a78cd073,2025-03-14T01:55:04Z,1,,9b108eb4edeb40c881460d6ccab2fea8
spotify:track:6igMq65qc3o0CUhSoHf9yD,64960925d3654633a3c3cc71a78cd073,2025-03-14T01:55:04Z,1,,9b108eb4edeb40c881460d6ccab2fea8
spotify:track:0IQ3KOas5wGRregqoMb9HF,488b84c31b5c4e7bb1c5fcf77b011a5a,2025-03-14T02:25:09Z,1,,9b108eb4edeb40c881460d6ccab2fea8
spotify:track:19JdbdEwQI7bCxefMokZO8,488b84c31b5c4e7bb1c5fcf77b011a5a,2025-03-14T02:25:09Z,1,,9b108eb4edeb40c881460d6ccab2fea8
spotify:track:1OCeLebXU2Y9qxeDH25Cuo,488b84c31b5c4e7bb1c5fcf77b011a5a,2025-03-14T02:25:09Z,1,,9b108eb4edeb40c881460d6ccab2fea8
spotify:track:2auGZBF35U0Hx18EzGSVOX,488b84c31b5c4e7bb1c5fcf77b011a5a,2025-03-14T02:25:09Z,1,,9b108eb4edeb40c881460d6ccab2fea8
spotify:track:48KXAIruJ07kJVCWOGohMV,488b84c31b5c4e7bb1c5fcf77b011a5a,2025-03-14T02:25:09Z,1,,9b108eb4edeb40c881460d6ccab2fea8
spotify:track:5VsqyVi1rbl1zppQ3hXYWG,488b84c31b5c4e7bb1c5fcf77b011a5a,2025-03-14T02:25:09Z,1,,9b108eb4edeb40c881460d6ccab2fea8
spotify:track:11LmqTE2naFULdEP94AUBa,d994f48c4cee4e7190129a4e23c37ba4,2025-03-14T02:26:10Z,1,,9b108eb4edeb40c881460d6ccab2fea8
spotify:track:48KXAIruJ07kJVCWOGohMV,d994f48c4cee4e7190129a4e23c37ba4,2025-03-14T02:26:10Z,1,,9b108eb4edeb40c881460d6ccab2fea8
spotify:track:5M2lX0ZAYSAzCs1xPPi9BX,d994f48c4cee4e7190129a4e23c37ba4,2025-03-14T02:26:10Z,1,,9b108eb4edeb40c881460d6ccab2fea8
spotify:track:5VsqyVi1rbl1zppQ3hXYWG,d994f48c4cee4e7190129a4e23c37ba4,2025-03-14T02:26:10Z,1,,9b108eb4edeb40c881460d6ccab2fea8
spotify:track:6igMq65qc3o0CUhSoHf9yD,d994f48c4cee4e7190129a4e23c37ba4,2025-03-14T02:26:10Z,2,,9b108eb4edeb40c881460d6ccab2fea8
spotify:track:0IQ3KOas5wGRregqoMb9HF,8226f3aecb874d7b92e1a6b37a0ce629,2025-03-14T04:42:53Z,1,,9b108eb4edeb40c881460d6ccab2fea8
spotify:track:48KXAIruJ07kJVCWOGohMV,8226f3aecb874d7b92e1a6b37a0ce629,2025-03-14T04:42:53Z,2,,9b108eb4edeb40c881460d6ccab2fea8
spotify:track:4Dr0p9x5hcrjRxGU3tYZsm,8226f3aecb874d7b92e1a6b37a0ce629,2025-03-14T04:42:53Z,1,,9b108eb4edeb40c881460d6ccab2fea8
spotify:track:5tkVC8EcUXEZNwmD45e7tq,8226f3aecb874d7b92e1a6b37a0ce629,2025-03-14T04:42:53Z,1,,9b108eb4edeb40c881460d6ccab2fea8
spotify:track:6iMPX4WDqSLJ0Bgr1omwaS,8226f3aecb874d7b92e1a6b37a0ce629,2025-03-14T04:42:53Z,1,,9b108eb4edeb40c881460d6ccab2fea8
spotify:track:1OCeLebXU2Y9qxeDH25Cuo,fb5a064490e94e9ea947db8cde7bc9f3,2025-03-14T06:47:33Z,1,,9b108eb4edeb40c881460d6ccab2fea8
spotify:track:2VtXANhW6YpAzsMDQCFkAv,fb5a064490e94e9ea947db8cde7bc9f3,2025-03-14T06:47:33Z,1,,9b108eb4edeb40c881460d6ccab2fea8
spotify:track:4iEOVEULZRvmzYSZY2ViKN,fb5a064490e94e9ea947db8cde7bc9f3,2025-03-14T06:47:33Z,1,,9b108eb4edeb40c881460d6ccab2fea8
spotify:track:5R8dQOPq8haW94K7mgERlO,fb5a064490e94e9ea947db8cde7bc9f3,2025-03-14T06:47:33Z,1,,9b108eb4edeb40c881460d6ccab2fea8
spotify:track:6igMq65qc3o0CUhSoHf9yD,fb5a064490e94e9ea947db8cde7bc9f3,2025-03-14T06:47:33Z,1,,9b108eb4edeb40c881460d6ccab2fea8
spotify:track:6iMPX4WDqSLJ0Bgr1omwaS,fb5a064490e94e9ea947db8cde7bc9f3,2025-03-14T06:47:33Z,1,,9b108eb4edeb40c881460d6ccab2fea8
spotify:track:0IQ3KOas5wGRregqoMb9HF,0d927ce7348243b5bbf169bfabdb23f5,2025-03-14T08:37:24Z,1,,9b108eb4edeb40c881460d6ccab2fea8
spotify:track:1E3VQQWFQAPJkXfYHjqWoI,0d927ce7348243b5bbf169bfabdb23f5,2025-03-14T08:37:24Z,1,,9b108eb4edeb40c881460d6ccab2fea8
spotify:track:2VtXANhW6YpAzsMDQCFkAv,0d927ce7348243b5bbf169bfabdb23f5,2025-03-14T08:37:24Z,1,,9b108eb4edeb40c881460d6ccab2fea8
spotify:track:5M2lX0ZAYSAzCs1xPPi9BX,0d927ce7348243b5bbf169bfabdb23f5,2025-03-14T08:37:24Z,1,,9b108eb4edeb40c881460d6ccab2fea8
spotify:track:5VsqyVi1rbl1zppQ3hXYWG,0d927ce7348243b5bbf169bfabdb23f5,2025-03-14T08:37:24Z,1,,9b108eb4edeb40c881460d6ccab2fea8
spotify:track:6iMPX4WDqSLJ0Bgr1omwaS,0d927ce7348243b5bbf169bfabdb23f5,2025-03-14T08:37:24Z,1,,9b108eb4edeb40c881460d6ccab2fea8
spotify:track:6o3s08kk2fQI37vxGZDrJ1,64960925d3654633a3c3cc71a78cd073,2025-03-22T01:26:20Z,1,,d32689257c92471e97c28bfa8a09a54e
spotify:track:5rb9QrpfcKFHM1EUbSIurX,64960925d3654633a3c3cc71a78cd073,2025-03-22T01:26:20Z,1,,d32689257c92471e97c28bfa8a09a54e
spotify:track:5Mmk2ii6laakqfeCT7OnVD,64960925d3654633a3c3cc71a78cd073,2025-03-22T01:26:20Z,1,,d32689257c92471e97c28bfa8a09a54e
spotify:track:2oENJa1T33GJ0w8dC167G4,64960925d3654633a3c3cc71a78cd073,2025-03-22T01:26:20Z,1,,d32689257c92471e97c28bfa8a09a54e
spotify:track:2kQuhkFX7uSVepCD3h29g5,64960925d3654633a3c3cc71a78cd073,2025-03-22T01:26:20Z,1,,d32689257c92471e97c28bfa8a09a54e
spotify:track:7uKcScNXuO3MWw6LowBjW1,64960925d3654633a3c3cc71a78cd073,2025-03-22T01:26:20Z,1,,d32689257c92471e97c28bfa8a09a54e
spotify:track:0k2GOhqsrxDTAbFFSdNJjT,0d927ce7348243b5bbf169bfabdb23f5,2025-03-23T21:52:08Z,1,,d32689257c92471e97c28bfa8a09a54e
spotify:track:2bLqfJjuC5syrsgDsZfGmn,0d927ce7348243b5bbf169bfabdb23f5,2025-03-23T21:52:08Z,1,,d32689257c92471e97c28bfa8a09a54e
spotify:track:5IVuqXILoxVWvWEPm82Jxr,0d927ce7348243b5bbf169bfabdb23f5,2025-03-23T21:52:08Z,1,,d32689257c92471e97c28bfa8a09a54e
spotify:track:5nJaS3PEpyPfaWiLxIGtRX,0d927ce7348243b5bbf169bfabdb23f5,2025-03-23T21:52:08Z,1,,d32689257c92471e97c28bfa8a09a54e
spotify:track:5rb9QrpfcKFHM1EUbSIurX,0d927ce7348243b5bbf169bfabdb23f5,2025-03-23T21:52:08Z,1,,d32689257c92471e97c28bfa8a09a54e
spotify:track:04KTF78FFg8sOHC1BADqbY,0d927ce7348243b5bbf169bfabdb23f5,2025-03-23T21:52:08Z,1,,d32689257c92471e97c28bfa8a09a54e
spotify:track:6o3s08kk2fQI37vxGZDrJ1,4d224c85483b4c4381c7121c3973a84f,2025-03-24T14:39:12Z,1,,d32689257c92471e97c28bfa8a09a54e
spotify:track:6Rb0ptOEjBjPPQUlQtQGbL,4d224c85483b4c4381c7121c3973a84f,2025-03-24T14:39:12Z,1,,d32689257c92471e97c28bfa8a09a54e
spotify:track:7dltD9eEX7X1zk8JJ9BS0e,4d224c85483b4c4381c7121c3973a84f,2025-03-24T14:39:12Z,2,,d32689257c92471e97c28bfa8a09a54e
spotify:track:04KTF78FFg8sOHC1BADqbY,4d224c85483b4c4381c7121c3973a84f,2025-03-24T14:39:12Z,0,=,d32689257c92471e97c28bfa8a09a54e
spotify:track:0k2GOhqsrxDTAbFFSdNJjT,4d224c85483b4c4381c7121c3973a84f,2025-03-24T14:39:12Z,1,THE GYALDEM SCHILLACI! ,d32689257c92471e97c28bfa8a09a54e
spotify:track:0tYPj0NYa7vjlJaqlRSnJb,4d224c85483b4c4381c7121c3973a84f,2025-03-24T14:39:12Z,1,,d32689257c92471e97c28bfa8a09a54e
spotify:track:04KTF78FFg8sOHC1BADqbY,d994f48c4cee4e7190129a4e23c37ba4,2025-03-24T21:31:06Z,1,,d32689257c92471e97c28bfa8a09a54e
spotify:track:5rb9QrpfcKFHM1EUbSIurX,d994f48c4cee4e7190129a4e23c37ba4,2025-03-24T21:31:06Z,1,,d32689257c92471e97c28bfa8a09a54e
spotify:track:4DvhkX2ic4zWkQeWMwQ2qf,d994f48c4cee4e7190129a4e23c37ba4,2025-03-24T21:31:06Z,1,,d32689257c92471e97c28bfa8a09a54e
spotify:track:2x7MyWybabEz6Y6wvHuwGE,d994f48c4cee4e7190129a4e23c37ba4,2025-03-24T21:31:06Z,1,,d32689257c92471e97c28bfa8a09a54e
spotify:track:2kQuhkFX7uSVepCD3h29g5,d994f48c4cee4e7190129a4e23c37ba4,2025-03-24T21:31:06Z,1,,d32689257c92471e97c28bfa8a09a54e
spotify:track:1ixbwbeBi5ufN4noUKmW5a,d994f48c4cee4e7190129a4e23c37ba4,2025-03-24T21:31:06Z,1,,d32689257c92471e97c28bfa8a09a54e
spotify:track:2bLqfJjuC5syrsgDsZfGmn,fb5a064490e94e9ea947db8cde7bc9f3,2025-03-25T01:24:41Z,1,,d32689257c92471e97c28bfa8a09a54e
spotify:track:4DvhkX2ic4zWkQeWMwQ2qf,fb5a064490e94e9ea947db8cde7bc9f3,2025-03-25T01:24:41Z,1,,d32689257c92471e97c28bfa8a09a54e
spotify:track:4TsmezEQVSZNNPv5RJ65Ov,fb5a064490e94e9ea947db8cde7bc9f3,2025-03-25T01:24:41Z,1,,d32689257c92471e97c28bfa8a09a54e
spotify:track:6Avndj1UPQLwR2qqzDwZBc,fb5a064490e94e9ea947db8cde7bc9f3,2025-03-25T01:24:41Z,1,,d32689257c92471e97c28bfa8a09a54e
spotify:track:6o3s08kk2fQI37vxGZDrJ1,fb5a064490e94e9ea947db8cde7bc9f3,2025-03-25T01:24:41Z,1,,d32689257c92471e97c28bfa8a09a54e
spotify:track:04KTF78FFg8sOHC1BADqbY,fb5a064490e94e9ea947db8cde7bc9f3,2025-03-25T01:24:41Z,1,,d32689257c92471e97c28bfa8a09a54e
spotify:track:7uKcScNXuO3MWw6LowBjW1,8226f3aecb874d7b92e1a6b37a0ce629,2025-03-25T04:28:05Z,1,,d32689257c92471e97c28bfa8a09a54e
spotify:track:04KTF78FFg8sOHC1BADqbY,8226f3aecb874d7b92e1a6b37a0ce629,2025-03-25T04:28:05Z,1,,d32689257c92471e97c28bfa8a09a54e
spotify:track:4MeDnO5yA2Zi6IMlVApRci,8226f3aecb874d7b92e1a6b37a0ce629,2025-03-25T04:28:05Z,1,,d32689257c92471e97c28bfa8a09a54e
spotify:track:5XVjNRubJUW0iPhhSWpLCj,8226f3aecb874d7b92e1a6b37a0ce629,2025-03-25T04:28:05Z,1,,d32689257c92471e97c28bfa8a09a54e
spotify:track:6o3s08kk2fQI37vxGZDrJ1,8226f3aecb874d7b92e1a6b37a0ce629,2025-03-25T04:28:05Z,1,,d32689257c92471e97c28bfa8a09a54e
spotify:track:6Rb0ptOEjBjPPQUlQtQGbL,8226f3aecb874d7b92e1a6b37a0ce629,2025-03-25T04:28:05Z,1,,d32689257c92471e97c28bfa8a09a54e
spotify:track:2qkOwiIuUgbeknkDCUeOpS,0067913c8633447f84a29db3863f4ae0,2025-03-25T08:02:09Z,1,,d32689257c92471e97c28bfa8a09a54e
spotify:track:0k2GOhqsrxDTAbFFSdNJjT,0067913c8633447f84a29db3863f4ae0,2025-03-25T08:02:09Z,1,,d32689257c92471e97c28bfa8a09a54e
spotify:track:6EZHmGcjdXdEesMMNtOdBY,0067913c8633447f84a29db3863f4ae0,2025-03-25T08:02:09Z,1,,d32689257c92471e97c28bfa8a09a54e
spotify:track:5XVjNRubJUW0iPhhSWpLCj,0067913c8633447f84a29db3863f4ae0,2025-03-25T08:02:09Z,1,,d32689257c92471e97c28bfa8a09a54e
spotify:track:2x7MyWybabEz6Y6wvHuwGE,0067913c8633447f84a29db3863f4ae0,2025-03-25T08:02:09Z,1,,d32689257c92471e97c28bfa8a09a54e
spotify:track:2oENJa1T33GJ0w8dC167G4,0067913c8633447f84a29db3863f4ae0,2025-03-25T08:02:09Z,1,,d32689257c92471e97c28bfa8a09a54e
spotify:track:0k2GOhqsrxDTAbFFSdNJjT,468c128145794cb29114433b56f00c75,2025-03-25T22:50:33Z,1,,d32689257c92471e97c28bfa8a09a54e
spotify:track:7uKcScNXuO3MWw6LowBjW1,468c128145794cb29114433b56f00c75,2025-03-25T22:50:33Z,1,,d32689257c92471e97c28bfa8a09a54e
spotify:track:6HSqyfGnsHYw9MmIpa9zlZ,468c128145794cb29114433b56f00c75,2025-03-25T22:50:33Z,2,,d32689257c92471e97c28bfa8a09a54e
spotify:track:2bLqfJjuC5syrsgDsZfGmn,468c128145794cb29114433b56f00c75,2025-03-25T22:50:33Z,1,,d32689257c92471e97c28bfa8a09a54e
spotify:track:1ixbwbeBi5ufN4noUKmW5a,468c128145794cb29114433b56f00c75,2025-03-25T22:50:33Z,1,,d32689257c92471e97c28bfa8a09a54e
spotify:track:6Avndj1UPQLwR2qqzDwZBc,5386dc3d7c61409e91f87bb5c0593d59,2025-03-26T02:19:01Z,1,,d32689257c92471e97c28bfa8a09a54e
spotify:track:6Rb0ptOEjBjPPQUlQtQGbL,5386dc3d7c61409e91f87bb5c0593d59,2025-03-26T02:19:01Z,1,,d32689257c92471e97c28bfa8a09a54e
spotify:track:2kQuhkFX7uSVepCD3h29g5,5386dc3d7c61409e91f87bb5c0593d59,2025-03-26T02:19:01Z,1,,d32689257c92471e97c28bfa8a09a54e
spotify:track:4MeDnO5yA2Zi6IMlVApRci,5386dc3d7c61409e91f87bb5c0593d59,2025-03-26T02:19:01Z,1,,d32689257c92471e97c28bfa8a09a54e
spotify:track:5rb9QrpfcKFHM1EUbSIurX,5386dc3d7c61409e91f87bb5c0593d59,2025-03-26T02:19:01Z,1,,d32689257c92471e97c28bfa8a09a54e
spotify:track:0k2GOhqsrxDTAbFFSdNJjT,5386dc3d7c61409e91f87bb5c0593d59,2025-03-26T02:19:01Z,1,,d32689257c92471e97c28bfa8a09a54e
spotify:track:2RzJwBCXsS1VnjDm2jKKAa,8226f3aecb874d7b92e1a6b37a0ce629,2025-04-02T02:24:17Z,1,,b7370ce7b9c4483a94cc01a236d089cd
spotify:track:3QHONiXGMGU3z68mQInncF,8226f3aecb874d7b92e1a6b37a0ce629,2025-04-02T02:24:17Z,1,,b7370ce7b9c4483a94cc01a236d089cd
spotify:track:4kV4N9D1iKVxx1KLvtTpjS,8226f3aecb874d7b92e1a6b37a0ce629,2025-04-02T02:24:17Z,1,,b7370ce7b9c4483a94cc01a236d089cd
spotify:track:2RzJwBCXsS1VnjDm2jKKAa,5386dc3d7c61409e91f87bb5c0593d59,2025-04-02T02:29:11Z,1,,b7370ce7b9c4483a94cc01a236d089cd
spotify:track:3NZJlJemX3mzjf56MqC5ML,5386dc3d7c61409e91f87bb5c0593d59,2025-04-02T02:29:11Z,1,,b7370ce7b9c4483a94cc01a236d089cd
spotify:track:6HSqyfGnsHYw9MmIpa9zlZ,5386dc3d7c61409e91f87bb5c0593d59,2025-04-02T02:29:11Z,1,,b7370ce7b9c4483a94cc01a236d089cd
spotify:track:3hVcgm3x10wiVkJdd4MavF,64960925d3654633a3c3cc71a78cd073,2025-04-02T02:30:41Z,1,,b7370ce7b9c4483a94cc01a236d089cd
spotify:track:6HSqyfGnsHYw9MmIpa9zlZ,64960925d3654633a3c3cc71a78cd073,2025-04-02T02:30:41Z,1,,b7370ce7b9c4483a94cc01a236d089cd
spotify:track:7D60mvrq5guYFUbt84FeVk,64960925d3654633a3c3cc71a78cd073,2025-04-02T02:30:41Z,1,,b7370ce7b9c4483a94cc01a236d089cd
spotify:track:2RzJwBCXsS1VnjDm2jKKAa,4d224c85483b4c4381c7121c3973a84f,2025-04-02T14:07:53Z,1,ALL I WANTED WAS SOME CHICKEN WINGS THEN THEY SHOT ME IN THE DINGALIIING,b7370ce7b9c4483a94cc01a236d089cd
spotify:track:3NZJlJemX3mzjf56MqC5ML,4d224c85483b4c4381c7121c3973a84f,2025-04-02T14:07:53Z,1,,b7370ce7b9c4483a94cc01a236d089cd
spotify:track:59RtbarKXlfmbKZjvkwoW7,4d224c85483b4c4381c7121c3973a84f,2025-04-02T14:07:53Z,1,,b7370ce7b9c4483a94cc01a236d089cd
spotify:track:3NZJlJemX3mzjf56MqC5ML,0d927ce7348243b5bbf169bfabdb23f5,2025-04-03T04:22:07Z,1,,b7370ce7b9c4483a94cc01a236d089cd
spotify:track:3QHONiXGMGU3z68mQInncF,0d927ce7348243b5bbf169bfabdb23f5,2025-04-03T04:22:07Z,1,,b7370ce7b9c4483a94cc01a236d089cd
spotify:track:7h0d2h0fUmzbs7zeFigJPn,0d927ce7348243b5bbf169bfabdb23f5,2025-04-03T04:22:07Z,1,,b7370ce7b9c4483a94cc01a236d089cd
spotify:track:2RzJwBCXsS1VnjDm2jKKAa,d994f48c4cee4e7190129a4e23c37ba4,2025-04-03T15:37:55Z,1,,b7370ce7b9c4483a94cc01a236d089cd
spotify:track:3DK6m7It6Pw857FcQftMds,d994f48c4cee4e7190129a4e23c37ba4,2025-04-03T15:37:55Z,1,,b7370ce7b9c4483a94cc01a236d089cd
spotify:track:3NZJlJemX3mzjf56MqC5ML,d994f48c4cee4e7190129a4e23c37ba4,2025-04-03T15:37:55Z,1,,b7370ce7b9c4483a94cc01a236d089cd
spotify:track:00cNeokkdphjr6jSEUWsez,8226f3aecb874d7b92e1a6b37a0ce629,2025-04-09T06:00:42Z,1,,a812fe0b98c440ec8626ea99056abc6b
spotify:track:6BPcUXYERAahpunmb0AovH,8226f3aecb874d7b92e1a6b37a0ce629,2025-04-09T06:00:42Z,1,,a812fe0b98c440ec8626ea99056abc6b
spotify:track:48lxT5qJF0yYyf2z4wB4xW,8226f3aecb874d7b92e1a6b37a0ce629,2025-04-09T06:00:42Z,1,,a812fe0b98c440ec8626ea99056abc6b
spotify:track:2QqUfCa7GbxQm6gB3K4hhi,8226f3aecb874d7b92e1a6b37a0ce629,2025-04-09T06:00:42Z,1,,a812fe0b98c440ec8626ea99056abc6b
spotify:track:1iIJtD9hkzw4ZHfR7ND9yb,8226f3aecb874d7b92e1a6b37a0ce629,2025-04-09T06:00:42Z,1,,a812fe0b98c440ec8626ea99056abc6b
spotify:track:2La21GqU4fKTQLcfLxTeoz,4d224c85483b4c4381c7121c3973a84f,2025-04-09T06:57:33Z,1,,a812fe0b98c440ec8626ea99056abc6b
spotify:track:0tNsICeicv2tSuxd1fX9S5,4d224c85483b4c4381c7121c3973a84f,2025-04-09T06:57:33Z,1,Is this Celine Dion of the Philippines ,a812fe0b98c440ec8626ea99056abc6b
spotify:track:1fnEaGJPQoedHBuCjU3hlm,4d224c85483b4c4381c7121c3973a84f,2025-04-09T06:57:33Z,1,,a812fe0b98c440ec8626ea99056abc6b
spotify:track:1hPNdCII2b8NOEIqwbbsdG,4d224c85483b4c4381c7121c3973a84f,2025-04-09T06:57:33Z,0,Is this the boys over the flowers ,a812fe0b98c440ec8626ea99056abc6b
spotify:track:1QFw2xxyQtgKjlrMCEqsNj,4d224c85483b4c4381c7121c3973a84f,2025-04-09T06:57:33Z,1,,a812fe0b98c440ec8626ea99056abc6b
spotify:track:2IJftBfq7pJ43tfnOR0RB3,4d224c85483b4c4381c7121c3973a84f,2025-04-09T06:57:33Z,1,,a812fe0b98c440ec8626ea99056abc6b
spotify:track:7wf8uuX9fJ0kiKOUDvlmkI,64960925d3654633a3c3cc71a78cd073,2025-04-09T13:55:38Z,1,,a812fe0b98c440ec8626ea99056abc6b
spotify:track:5pqjsEz06pkxzZ0bB3QDgd,64960925d3654633a3c3cc71a78cd073,2025-04-09T13:55:38Z,1,,a812fe0b98c440ec8626ea99056abc6b
spotify:track:2QqUfCa7GbxQm6gB3K4hhi,64960925d3654633a3c3cc71a78cd073,2025-04-09T13:55:38Z,1,,a812fe0b98c440ec8626ea99056abc6b
spotify:track:2La21GqU4fKTQLcfLxTeoz,64960925d3654633a3c3cc71a78cd073,2025-04-09T13:55:38Z,1,,a812fe0b98c440ec8626ea99056abc6b
spotify:track:1BIXs6CdkPRLytuqoXs6XN,64960925d3654633a3c3cc71a78cd073,2025-04-09T13:55:38Z,1,,a812fe0b98c440ec8626ea99056abc6b
spotify:track:0tNsICeicv2tSuxd1fX9S5,0067913c8633447f84a29db3863f4ae0,2025-04-09T23:11:45Z,1,,a812fe0b98c440ec8626ea99056abc6b
spotify:track:3ssIlDegMnYbItztsKZegV,0067913c8633447f84a29db3863f4ae0,2025-04-09T23:11:45Z,1,,a812fe0b98c440ec8626ea99056abc6b
spotify:track:6BPcUXYERAahpunmb0AovH,0067913c8633447f84a29db3863f4ae0,2025-04-09T23:11:45Z,1,,a812fe0b98c440ec8626ea99056abc6b
spotify:track:6uEvFCaOqXyEidoO8BZbyh,0067913c8633447f84a29db3863f4ae0,2025-04-09T23:11:45Z,1,,a812fe0b98c440ec8626ea99056abc6b
spotify:track:1hPNdCII2b8NOEIqwbbsdG,0067913c8633447f84a29db3863f4ae0,2025-04-09T23:11:45Z,1,,a812fe0b98c440ec8626ea99056abc6b
spotify:track:44FzVABpR2cciquTqADA0D,0d927ce7348243b5bbf169bfabdb23f5,2025-04-11T20:18:29Z,1,,a812fe0b98c440ec8626ea99056abc6b
spotify:track:1fnEaGJPQoedHBuCjU3hlm,0d927ce7348243b5bbf169bfabdb23f5,2025-04-11T20:18:29Z,1,,a812fe0b98c440ec8626ea99056abc6b
spotify:track:1NtUkEglWHG26BOqj3rPhQ,0d927ce7348243b5bbf169bfabdb23f5,2025-04-11T20:18:29Z,1,,a812fe0b98c440ec8626ea99056abc6b
spotify:track:2La21GqU4fKTQLcfLxTeoz,0d927ce7348243b5bbf169bfabdb23f5,2025-04-11T20:18:29Z,1,,a812fe0b98c440ec8626ea99056abc6b
spotify:track:2QqUfCa7GbxQm6gB3K4hhi,0d927ce7348243b5bbf169bfabdb23f5,2025-04-11T20:18:29Z,1,,a812fe0b98c440ec8626ea99056abc6b
spotify:track:5uxYTDNKEOxcrlWyuMNjaM,d994f48c4cee4e7190129a4e23c37ba4,2025-04-13T01:28:53Z,1,,a812fe0b98c440ec8626ea99056abc6b
spotify:track:00cNeokkdphjr6jSEUWsez,d994f48c4cee4e7190129a4e23c37ba4,2025-04-13T01:28:53Z,1,,a812fe0b98c440ec8626ea99056abc6b
spotify:track:2La21GqU4fKTQLcfLxTeoz,d994f48c4cee4e7190129a4e23c37ba4,2025-04-13T01:28:53Z,1,,a812fe0b98c440ec8626ea99056abc6b
spotify:track:2QqUfCa7GbxQm6gB3K4hhi,d994f48c4cee4e7190129a4e23c37ba4,2025-04-13T01:28:53Z,1,,a812fe0b98c440ec8626ea99056abc6b
spotify:track:44FzVABpR2cciquTqADA0D,d994f48c4cee4e7190129a4e23c37ba4,2025-04-13T01:28:53Z,1,,a812fe0b98c440ec8626ea99056abc6b
spotify:track:00cNeokkdphjr6jSEUWsez,5386dc3d7c61409e91f87bb5c0593d59,2025-04-13T03:28:49Z,1,,a812fe0b98c440ec8626ea99056abc6b
spotify:track:7wf8uuX9fJ0kiKOUDvlmkI,5386dc3d7c61409e91f87bb5c0593d59,2025-04-13T03:28:49Z,1,,a812fe0b98c440ec8626ea99056abc6b
spotify:track:6BPcUXYERAahpunmb0AovH,5386dc3d7c61409e91f87bb5c0593d59,2025-04-13T03:28:49Z,1,,a812fe0b98c440ec8626ea99056abc6b
spotify:track:44FzVABpR2cciquTqADA0D,5386dc3d7c61409e91f87bb5c0593d59,2025-04-13T03:28:49Z,1,,a812fe0b98c440ec8626ea99056abc6b
spotify:track:1QFw2xxyQtgKjlrMCEqsNj,5386dc3d7c61409e91f87bb5c0593d59,2025-04-13T03:28:49Z,1,,a812fe0b98c440ec8626ea99056abc6b
spotify:track:1NtUkEglWHG26BOqj3rPhQ,fb5a064490e94e9ea947db8cde7bc9f3,2025-04-14T03:19:52Z,1,,a812fe0b98c440ec8626ea99056abc6b
spotify:track:7wj9sGlHGTMQ28liyi48hz,fb5a064490e94e9ea947db8cde7bc9f3,2025-04-14T03:19:52Z,1,,a812fe0b98c440ec8626ea99056abc6b
spotify:track:7wf8uuX9fJ0kiKOUDvlmkI,fb5a064490e94e9ea947db8cde7bc9f3,2025-04-14T03:19:52Z,1,,a812fe0b98c440ec8626ea99056abc6b
spotify:track:2La21GqU4fKTQLcfLxTeoz,fb5a064490e94e9ea947db8cde7bc9f3,2025-04-14T03:19:52Z,1,,a812fe0b98c440ec8626ea99056abc6b
spotify:track:1BIXs6CdkPRLytuqoXs6XN,fb5a064490e94e9ea947db8cde7bc9f3,2025-04-14T03:19:52Z,1,,a812fe0b98c440ec8626ea99056abc6b
spotify:track:0rBMP6VVGRgwnzZCLpijyl,8226f3aecb874d7b92e1a6b37a0ce629,2025-04-20T23:47:34Z,1,,85947c14f72744cd9cd8ec0bccf30f79
spotify:track:1ACZpHI5vZ5Ea4xGlkdGWM,8226f3aecb874d7b92e1a6b37a0ce629,2025-04-20T23:47:34Z,1,,85947c14f72744cd9cd8ec0bccf30f79
spotify:track:1bjeWoagtHmUKputLVyDxQ,8226f3aecb874d7b92e1a6b37a0ce629,2025-04-20T23:47:34Z,1,,85947c14f72744cd9cd8ec0bccf30f79
spotify:track:2pg2TiYo9Rb8KeB5JjP7jS,8226f3aecb874d7b92e1a6b37a0ce629,2025-04-20T23:47:34Z,1,,85947c14f72744cd9cd8ec0bccf30f79
spotify:track:6rY5FAWxCdAGllYEOZMbjW,8226f3aecb874d7b92e1a6b37a0ce629,2025-04-20T23:47:34Z,1,,85947c14f72744cd9cd8ec0bccf30f79
spotify:track:6tDDoYIxWvMLTdKpjFkc1B,8226f3aecb874d7b92e1a6b37a0ce629,2025-04-20T23:47:34Z,2,,85947c14f72744cd9cd8ec0bccf30f79
spotify:track:2pg2TiYo9Rb8KeB5JjP7jS,5386dc3d7c61409e91f87bb5c0593d59,2025-04-21T03:21:14Z,1,,85947c14f72744cd9cd8ec0bccf30f79
spotify:track:2vWBUC9djv6BtiGlmKiQaH,5386dc3d7c61409e91f87bb5c0593d59,2025-04-21T03:21:14Z,1,,85947c14f72744cd9cd8ec0bccf30f79
spotify:track:2vXCpFXs7RZXKnE7jOUCjh,5386dc3d7c61409e91f87bb5c0593d59,2025-04-21T03:21:14Z,1,,85947c14f72744cd9cd8ec0bccf30f79
spotify:track:3vQ4T78TTMOjQXGfXVKQJo,5386dc3d7c61409e91f87bb5c0593d59,2025-04-21T03:21:14Z,1,,85947c14f72744cd9cd8ec0bccf30f79
spotify:track:4V0x90QcMh4ZxwHzEWOdtK,5386dc3d7c61409e91f87bb5c0593d59,2025-04-21T03:21:14Z,1,,85947c14f72744cd9cd8ec0bccf30f79
spotify:track:5G7602PyF33hYDi4utEpoZ,5386dc3d7c61409e91f87bb5c0593d59,2025-04-21T03:21:14Z,1,,85947c14f72744cd9cd8ec0bccf30f79
spotify:track:77KnJc8o5G1eKVwX5ywMeZ,5386dc3d7c61409e91f87bb5c0593d59,2025-04-21T03:21:14Z,1,,85947c14f72744cd9cd8ec0bccf30f79
spotify:track:09JAuaBBvZk8zpOYPG4igY,64960925d3654633a3c3cc71a78cd073,2025-04-21T03:21:33Z,1,,85947c14f72744cd9cd8ec0bccf30f79
spotify:track:14OxJlLdcHNpgsm4DRwDOB,64960925d3654633a3c3cc71a78cd073,2025-04-21T03:21:33Z,1,,85947c14f72744cd9cd8ec0bccf30f79
spotify:track:1ZEOIhSn6BKErV59bIgn76,64960925d3654633a3c3cc71a78cd073,2025-04-21T03:21:33Z,1,,85947c14f72744cd9cd8ec0bccf30f79
spotify:track:2CCyaazY8X5EFqdWDtmVvs,64960925d3654633a3c3cc71a78cd073,2025-04-21T03:21:33Z,1,,85947c14f72744cd9cd8ec0bccf30f79
spotify:track:2OmH9HJzoxfq5RiovR11qU,64960925d3654633a3c3cc71a78cd073,2025-04-21T03:21:33Z,1,,85947c14f72744cd9cd8ec0bccf30f79
spotify:track:5G7602PyF33hYDi4utEpoZ,64960925d3654633a3c3cc71a78cd073,2025-04-21T03:21:33Z,1,,85947c14f72744cd9cd8ec0bccf30f79
spotify:track:77KnJc8o5G1eKVwX5ywMeZ,64960925d3654633a3c3cc71a78cd073,2025-04-21T03:21:33Z,1,,85947c14f72744cd9cd8ec0bccf30f79
spotify:track:1ACZpHI5vZ5Ea4xGlkdGWM,f244f319935b45f8a761ae0df0088213,2025-04-21T20:39:13Z,1,,85947c14f72744cd9cd8ec0bccf30f79
spotify:track:1ZEOIhSn6BKErV59bIgn76,f244f319935b45f8a761ae0df0088213,2025-04-21T20:39:13Z,1,,85947c14f72744cd9cd8ec0bccf30f79
spotify:track:2CCyaazY8X5EFqdWDtmVvs,f244f319935b45f8a761ae0df0088213,2025-04-21T20:39:13Z,1,,85947c14f72744cd9cd8ec0bccf30f79
spotify:track:4V0x90QcMh4ZxwHzEWOdtK,f244f319935b45f8a761ae0df0088213,2025-04-21T20:39:13Z,1,,85947c14f72744cd9cd8ec0bccf30f79
spotify:track:6gHyLryaRWe34ayc0cII0Z,f244f319935b45f8a761ae0df0088213,2025-04-21T20:39:13Z,1,,85947c14f72744cd9cd8ec0bccf30f79
spotify:track:6tDDoYIxWvMLTdKpjFkc1B,f244f319935b45f8a761ae0df0088213,2025-04-21T20:39:13Z,1,,85947c14f72744cd9cd8ec0bccf30f79
spotify:track:6ZfbRzC0HfmjDnpXQPXY6T,f244f319935b45f8a761ae0df0088213,2025-04-21T20:39:13Z,1,,85947c14f72744cd9cd8ec0bccf30f79
spotify:track:09JAuaBBvZk8zpOYPG4igY,4d224c85483b4c4381c7121c3973a84f,2025-04-22T21:17:42Z,1,,85947c14f72744cd9cd8ec0bccf30f79
spotify:track:1EryAkZ0VHstC6haIxVBiE,4d224c85483b4c4381c7121c3973a84f,2025-04-22T21:17:42Z,1,,85947c14f72744cd9cd8ec0bccf30f79
spotify:track:2CCyaazY8X5EFqdWDtmVvs,4d224c85483b4c4381c7121c3973a84f,2025-04-22T21:17:42Z,1,,85947c14f72744cd9cd8ec0bccf30f79
spotify:track:2OmH9HJzoxfq5RiovR11qU,4d224c85483b4c4381c7121c3973a84f,2025-04-22T21:17:42Z,1,,85947c14f72744cd9cd8ec0bccf30f79
spotify:track:2vXCpFXs7RZXKnE7jOUCjh,4d224c85483b4c4381c7121c3973a84f,2025-04-22T21:17:42Z,1,,85947c14f72744cd9cd8ec0bccf30f79
spotify:track:4V0x90QcMh4ZxwHzEWOdtK,4d224c85483b4c4381c7121c3973a84f,2025-04-22T21:17:42Z,1,,85947c14f72744cd9cd8ec0bccf30f79
spotify:track:6ZfbRzC0HfmjDnpXQPXY6T,4d224c85483b4c4381c7121c3973a84f,2025-04-22T21:17:42Z,1,,85947c14f72744cd9cd8ec0bccf30f79
spotify:track:0wJoRiX5K5BxlqZTolB2LD,d994f48c4cee4e7190129a4e23c37ba4,2025-04-22T22:11:56Z,1,,85947c14f72744cd9cd8ec0bccf30f79
spotify:track:1EryAkZ0VHstC6haIxVBiE,d994f48c4cee4e7190129a4e23c37ba4,2025-04-22T22:11:56Z,1,,85947c14f72744cd9cd8ec0bccf30f79
spotify:track:1OSkUAslVAljbEnG973Gfa,d994f48c4cee4e7190129a4e23c37ba4,2025-04-22T22:11:56Z,1,,85947c14f72744cd9cd8ec0bccf30f79
spotify:track:1ZEOIhSn6BKErV59bIgn76,d994f48c4cee4e7190129a4e23c37ba4,2025-04-22T22:11:56Z,1,,85947c14f72744cd9cd8ec0bccf30f79
spotify:track:3vQ4T78TTMOjQXGfXVKQJo,d994f48c4cee4e7190129a4e23c37ba4,2025-04-22T22:11:56Z,1,,85947c14f72744cd9cd8ec0bccf30f79
spotify:track:5SlU0Yhi51jobhEiGE4xDv,d994f48c4cee4e7190129a4e23c37ba4,2025-04-22T22:11:56Z,1,,85947c14f72744cd9cd8ec0bccf30f79
spotify:track:7mykoq6R3BArsSpNDjFQTm,d994f48c4cee4e7190129a4e23c37ba4,2025-04-22T22:11:56Z,1,,85947c14f72744cd9cd8ec0bccf30f79
spotify:track:2pg2TiYo9Rb8KeB5JjP7jS,2d61cf2460f14956924abf603b37f9e7,2025-04-22T23:47:38Z,1,,85947c14f72744cd9cd8ec0bccf30f79
spotify:track:4Hff1IjRbLGeLgFgxvHflk,2d61cf2460f14956924abf603b37f9e7,2025-04-22T23:47:38Z,1,,85947c14f72744cd9cd8ec0bccf30f79
spotify:track:5yc59J3MR3tVDPTOgwgRI5,2d61cf2460f14956924abf603b37f9e7,2025-04-22T23:47:38Z,1,,85947c14f72744cd9cd8ec0bccf30f79
spotify:track:6gHyLryaRWe34ayc0cII0Z,2d61cf2460f14956924abf603b37f9e7,2025-04-22T23:47:38Z,1,,85947c14f72744cd9cd8ec0bccf30f79
spotify:track:70pZIQqQ37SrNCADx0FiPN,2d61cf2460f14956924abf603b37f9e7,2025-04-22T23:47:38Z,1,,85947c14f72744cd9cd8ec0bccf30f79
spotify:track:77KnJc8o5G1eKVwX5ywMeZ,2d61cf2460f14956924abf603b37f9e7,2025-04-22T23:47:38Z,1,,85947c14f72744cd9cd8ec0bccf30f79
spotify:track:7mykoq6R3BArsSpNDjFQTm,2d61cf2460f14956924abf603b37f9e7,2025-04-22T23:47:38Z,1,,85947c14f72744cd9cd8ec0bccf30f79
spotify:track:0wJoRiX5K5BxlqZTolB2LD,fb5a064490e94e9ea947db8cde7bc9f3,2025-04-23T05:52:57Z,1,,85947c14f72744cd9cd8ec0bccf30f79
spotify:track:2vXCpFXs7RZXKnE7jOUCjh,fb5a064490e94e9ea947db8cde7bc9f3,2025-04-23T05:52:57Z,1,,85947c14f72744cd9cd8ec0bccf30f79
spotify:track:45J4avUb9Ni0bnETYaYFVJ,fb5a064490e94e9ea947db8cde7bc9f3,2025-04-23T05:52:57Z,1,,85947c14f72744cd9cd8ec0bccf30f79
spotify:track:5G7602PyF33hYDi4utEpoZ,fb5a064490e94e9ea947db8cde7bc9f3,2025-04-23T05:52:57Z,1,,85947c14f72744cd9cd8ec0bccf30f79
spotify:track:5SlU0Yhi51jobhEiGE4xDv,fb5a064490e94e9ea947db8cde7bc9f3,2025-04-23T05:52:57Z,1,,85947c14f72744cd9cd8ec0bccf30f79
spotify:track:70pZIQqQ37SrNCADx0FiPN,fb5a064490e94e9ea947db8cde7bc9f3,2025-04-23T05:52:57Z,1,,85947c14f72744cd9cd8ec0bccf30f79
spotify:track:77KnJc8o5G1eKVwX5ywMeZ,fb5a064490e94e9ea947db8cde7bc9f3,2025-04-23T05:52:57Z,1,,85947c14f72744cd9cd8ec0bccf30f79
spotify:track:1ZEOIhSn6BKErV59bIgn76,0067913c8633447f84a29db3863f4ae0,2025-04-23T10:15:58Z,1,,85947c14f72744cd9cd8ec0bccf30f79
spotify:track:2KZX7JKDMzkCk1hVq2hDtb,0067913c8633447f84a29db3863f4ae0,2025-04-23T10:15:58Z,1,,85947c14f72744cd9cd8ec0bccf30f79
spotify:track:2vWBUC9djv6BtiGlmKiQaH,0067913c8633447f84a29db3863f4ae0,2025-04-23T10:15:58Z,1,,85947c14f72744cd9cd8ec0bccf30f79
spotify:track:3vQ4T78TTMOjQXGfXVKQJo,0067913c8633447f84a29db3863f4ae0,2025-04-23T10:15:58Z,1,,85947c14f72744cd9cd8ec0bccf30f79
spotify:track:4Hff1IjRbLGeLgFgxvHflk,0067913c8633447f84a29db3863f4ae0,2025-04-23T10:15:58Z,1,,85947c14f72744cd9cd8ec0bccf30f79
spotify:track:5G7602PyF33hYDi4utEpoZ,0067913c8633447f84a29db3863f4ae0,2025-04-23T10:15:58Z,1,,85947c14f72744cd9cd8ec0bccf30f79
spotify:track:77KnJc8o5G1eKVwX5ywMeZ,0067913c8633447f84a29db3863f4ae0,2025-04-23T10:15:58Z,1,,85947c14f72744cd9cd8ec0bccf30f79
spotify:track:09JAuaBBvZk8zpOYPG4igY,468c128145794cb29114433b56f00c75,2025-04-23T18:24:10Z,2,,85947c14f72744cd9cd8ec0bccf30f79
spotify:track:0QIX9BS0AUCQcHYvyrsMkV,468c128145794cb29114433b56f00c75,2025-04-23T18:24:10Z,1,,85947c14f72744cd9cd8ec0bccf30f79
spotify:track:0wJoRiX5K5BxlqZTolB2LD,468c128145794cb29114433b56f00c75,2025-04-23T18:24:10Z,1,,85947c14f72744cd9cd8ec0bccf30f79
spotify:track:1bjeWoagtHmUKputLVyDxQ,468c128145794cb29114433b56f00c75,2025-04-23T18:24:10Z,1,,85947c14f72744cd9cd8ec0bccf30f79
spotify:track:1ZEOIhSn6BKErV59bIgn76,468c128145794cb29114433b56f00c75,2025-04-23T18:24:10Z,1,,85947c14f72744cd9cd8ec0bccf30f79
spotify:track:4Hff1IjRbLGeLgFgxvHflk,468c128145794cb29114433b56f00c75,2025-04-23T18:24:10Z,1,,85947c14f72744cd9cd8ec0bccf30f79
spotify:track:09JAuaBBvZk8zpOYPG4igY,0d927ce7348243b5bbf169bfabdb23f5,2025-04-24T02:23:48Z,1,,85947c14f72744cd9cd8ec0bccf30f79
spotify:track:2CCyaazY8X5EFqdWDtmVvs,0d927ce7348243b5bbf169bfabdb23f5,2025-04-24T02:23:48Z,1,,85947c14f72744cd9cd8ec0bccf30f79
spotify:track:2OmH9HJzoxfq5RiovR11qU,0d927ce7348243b5bbf169bfabdb23f5,2025-04-24T02:23:48Z,1,,85947c14f72744cd9cd8ec0bccf30f79
spotify:track:2vWBUC9djv6BtiGlmKiQaH,0d927ce7348243b5bbf169bfabdb23f5,2025-04-24T02:23:48Z,1,,85947c14f72744cd9cd8ec0bccf30f79
spotify:track:5G7602PyF33hYDi4utEpoZ,0d927ce7348243b5bbf169bfabdb23f5,2025-04-24T02:23:48Z,1,,85947c14f72744cd9cd8ec0bccf30f79
spotify:track:6rY5FAWxCdAGllYEOZMbjW,0d927ce7348243b5bbf169bfabdb23f5,2025-04-24T02:23:48Z,1,,85947c14f72744cd9cd8ec0bccf30f79
spotify:track:7mykoq6R3BArsSpNDjFQTm,0d927ce7348243b5bbf169bfabdb23f5,2025-04-24T02:23:48Z,1,,85947c14f72744cd9cd8ec0bccf30f79
spotify:track:6G9YlbU3ByPJQvOFDRdwyM,fb5a064490e94e9ea947db8cde7bc9f3,2025-05-04T00:26:48Z,1,,5aa3c2af021849a6b435498c0a463a51
spotify:track:4PMqSO5qyjpvzhlLI5GnID,fb5a064490e94e9ea947db8cde7bc9f3,2025-05-04T00:26:48Z,1,,5aa3c2af021849a6b435498c0a463a51
spotify:track:3xKsf9qdS1CyvXSMEid6g8,fb5a064490e94e9ea947db8cde7bc9f3,2025-05-04T00:26:48Z,1,,5aa3c2af021849a6b435498c0a463a51
spotify:track:2nGFzvICaeEWjIrBrL2RAx,fb5a064490e94e9ea947db8cde7bc9f3,2025-05-04T00:26:48Z,1,,5aa3c2af021849a6b435498c0a463a51
spotify:track:2eAvDnpXP5W0cVtiI0PUxV,fb5a064490e94e9ea947db8cde7bc9f3,2025-05-04T00:26:48Z,1,,5aa3c2af021849a6b435498c0a463a51
spotify:track:0QPgqmaAMO6OSi0Y7o6rIM,fb5a064490e94e9ea947db8cde7bc9f3,2025-05-04T00:26:48Z,1,,5aa3c2af021849a6b435498c0a463a51
spotify:track:74wvfHTVIQaBQ1KWRQaLWx,fb5a064490e94e9ea947db8cde7bc9f3,2025-05-04T00:26:48Z,1,,5aa3c2af021849a6b435498c0a463a51
spotify:track:6G9YlbU3ByPJQvOFDRdwyM,f244f319935b45f8a761ae0df0088213,2025-05-04T03:52:08Z,1,,5aa3c2af021849a6b435498c0a463a51
spotify:track:5jYkyOIoEeWZobedmHM50N,f244f319935b45f8a761ae0df0088213,2025-05-04T03:52:08Z,1,,5aa3c2af021849a6b435498c0a463a51
spotify:track:37zuIvk4KBkAxxLJsxJaHq,f244f319935b45f8a761ae0df0088213,2025-05-04T03:52:08Z,1,,5aa3c2af021849a6b435498c0a463a51
spotify:track:2nGFzvICaeEWjIrBrL2RAx,f244f319935b45f8a761ae0df0088213,2025-05-04T03:52:08Z,1,,5aa3c2af021849a6b435498c0a463a51
spotify:track:2eAvDnpXP5W0cVtiI0PUxV,f244f319935b45f8a761ae0df0088213,2025-05-04T03:52:08Z,1,,5aa3c2af021849a6b435498c0a463a51
spotify:track:0kp7Ufy5I1oHpdrUQi4QfG,f244f319935b45f8a761ae0df0088213,2025-05-04T03:52:08Z,1,,5aa3c2af021849a6b435498c0a463a51
spotify:track:7a7v27v9qrwjKBbsqrCZt9,f244f319935b45f8a761ae0df0088213,2025-05-04T03:52:08Z,1,,5aa3c2af021849a6b435498c0a463a51
spotify:track:3xKsf9qdS1CyvXSMEid6g8,8226f3aecb874d7b92e1a6b37a0ce629,2025-05-04T15:54:58Z,1,,5aa3c2af021849a6b435498c0a463a51
spotify:track:37zuIvk4KBkAxxLJsxJaHq,8226f3aecb874d7b92e1a6b37a0ce629,2025-05-04T15:54:58Z,1,,5aa3c2af021849a6b435498c0a463a51
spotify:track:2nGFzvICaeEWjIrBrL2RAx,8226f3aecb874d7b92e1a6b37a0ce629,2025-05-04T15:54:58Z,1,,5aa3c2af021849a6b435498c0a463a51
spotify:track:2GiJYvgVaD2HtM8GqD9EgQ,8226f3aecb874d7b92e1a6b37a0ce629,2025-05-04T15:54:58Z,1,,5aa3c2af021849a6b435498c0a463a51
spotify:track:2eAvDnpXP5W0cVtiI0PUxV,8226f3aecb874d7b92e1a6b37a0ce629,2025-05-04T15:54:58Z,1,,5aa3c2af021849a6b435498c0a463a51
spotify:track:0kp7Ufy5I1oHpdrUQi4QfG,8226f3aecb874d7b92e1a6b37a0ce629,2025-05-04T15:54:58Z,1,,5aa3c2af021849a6b435498c0a463a51
spotify:track:7a7v27v9qrwjKBbsqrCZt9,8226f3aecb874d7b92e1a6b37a0ce629,2025-05-04T15:54:58Z,1,,5aa3c2af021849a6b435498c0a463a51
spotify:track:5lC2ICF1mB1HjmCFcoOEf7,64960925d3654633a3c3cc71a78cd073,2025-05-04T16:01:44Z,1,,5aa3c2af021849a6b435498c0a463a51
spotify:track:2eAvDnpXP5W0cVtiI0PUxV,64960925d3654633a3c3cc71a78cd073,2025-05-04T16:01:44Z,1,,5aa3c2af021849a6b435498c0a463a51
spotify:track:13z7RLPmgupzRwQY9NiTZU,64960925d3654633a3c3cc71a78cd073,2025-05-04T16:01:44Z,1,,5aa3c2af021849a6b435498c0a463a51
spotify:track:0vC82BouGPXm6X2K60RfQw,64960925d3654633a3c3cc71a78cd073,2025-05-04T16:01:44Z,1,,5aa3c2af021849a6b435498c0a463a51
spotify:track:0tDIWrioC8NSq5dZgOyMN3,64960925d3654633a3c3cc71a78cd073,2025-05-04T16:01:44Z,1,,5aa3c2af021849a6b435498c0a463a51
spotify:track:0QPgqmaAMO6OSi0Y7o6rIM,64960925d3654633a3c3cc71a78cd073,2025-05-04T16:01:44Z,1,,5aa3c2af021849a6b435498c0a463a51
spotify:track:4vQZUtc4xbPt1BVbXikN3R,64960925d3654633a3c3cc71a78cd073,2025-05-04T16:01:44Z,1,,5aa3c2af021849a6b435498c0a463a51
spotify:track:6dGnYIeXmHdcikdzNNDMm2,5386dc3d7c61409e91f87bb5c0593d59,2025-05-06T02:57:40Z,1,,5aa3c2af021849a6b435498c0a463a51
spotify:track:0kp7Ufy5I1oHpdrUQi4QfG,5386dc3d7c61409e91f87bb5c0593d59,2025-05-06T02:57:40Z,1,,5aa3c2af021849a6b435498c0a463a51
spotify:track:0vC82BouGPXm6X2K60RfQw,5386dc3d7c61409e91f87bb5c0593d59,2025-05-06T02:57:40Z,1,,5aa3c2af021849a6b435498c0a463a51
spotify:track:2GiJYvgVaD2HtM8GqD9EgQ,5386dc3d7c61409e91f87bb5c0593d59,2025-05-06T02:57:40Z,1,,5aa3c2af021849a6b435498c0a463a51
spotify:track:3xKsf9qdS1CyvXSMEid6g8,5386dc3d7c61409e91f87bb5c0593d59,2025-05-06T02:57:40Z,1,,5aa3c2af021849a6b435498c0a463a51
spotify:track:4PMqSO5qyjpvzhlLI5GnID,5386dc3d7c61409e91f87bb5c0593d59,2025-05-06T02:57:40Z,1,,5aa3c2af021849a6b435498c0a463a51
spotify:track:0QPgqmaAMO6OSi0Y7o6rIM,5386dc3d7c61409e91f87bb5c0593d59,2025-05-06T02:57:40Z,1,,5aa3c2af021849a6b435498c0a463a51
spotify:track:3dk7WaeS0y0JG0OMd0FVcg,468c128145794cb29114433b56f00c75,2025-05-07T02:32:46Z,1,,5aa3c2af021849a6b435498c0a463a51
spotify:track:2TZ1apxMDlubCGMsOxcTbT,468c128145794cb29114433b56f00c75,2025-05-07T02:32:46Z,1,,5aa3c2af021849a6b435498c0a463a51
spotify:track:3xKsf9qdS1CyvXSMEid6g8,468c128145794cb29114433b56f00c75,2025-05-07T02:32:46Z,1,,5aa3c2af021849a6b435498c0a463a51
spotify:track:4PMqSO5qyjpvzhlLI5GnID,468c128145794cb29114433b56f00c75,2025-05-07T02:32:46Z,1,,5aa3c2af021849a6b435498c0a463a51
spotify:track:5ruzrDWcT0vuJIOMW7gMnW,468c128145794cb29114433b56f00c75,2025-05-07T02:32:46Z,2,,5aa3c2af021849a6b435498c0a463a51
spotify:track:6dGnYIeXmHdcikdzNNDMm2,468c128145794cb29114433b56f00c75,2025-05-07T02:32:46Z,1,,5aa3c2af021849a6b435498c0a463a51
spotify:track:2nG54Y4a3sH9YpfxMolOyi,4d224c85483b4c4381c7121c3973a84f,2025-05-07T03:49:11Z,1,,5aa3c2af021849a6b435498c0a463a51
spotify:track:0tDIWrioC8NSq5dZgOyMN3,4d224c85483b4c4381c7121c3973a84f,2025-05-07T03:49:11Z,1,,5aa3c2af021849a6b435498c0a463a51
spotify:track:1MhQrrQjPRL8o6m18viaZ1,4d224c85483b4c4381c7121c3973a84f,2025-05-07T03:49:11Z,1,,5aa3c2af021849a6b435498c0a463a51
spotify:track:2d1D1E8M48hHE99u6BO8RN,4d224c85483b4c4381c7121c3973a84f,2025-05-07T03:49:11Z,1,,5aa3c2af021849a6b435498c0a463a51
spotify:track:2eAvDnpXP5W0cVtiI0PUxV,4d224c85483b4c4381c7121c3973a84f,2025-05-07T03:49:11Z,1,,5aa3c2af021849a6b435498c0a463a51
spotify:track:2ej1A2Ze6P2EOW7KfIosZR,4d224c85483b4c4381c7121c3973a84f,2025-05-07T03:49:11Z,1,,5aa3c2af021849a6b435498c0a463a51
spotify:track:2GiJYvgVaD2HtM8GqD9EgQ,4d224c85483b4c4381c7121c3973a84f,2025-05-07T03:49:11Z,1,,5aa3c2af021849a6b435498c0a463a51
spotify:track:7a7v27v9qrwjKBbsqrCZt9,0d927ce7348243b5bbf169bfabdb23f5,2025-05-08T02:16:40Z,1,,5aa3c2af021849a6b435498c0a463a51
spotify:track:74wvfHTVIQaBQ1KWRQaLWx,0d927ce7348243b5bbf169bfabdb23f5,2025-05-08T02:16:40Z,1,,5aa3c2af021849a6b435498c0a463a51
spotify:track:3fpYUnUFAj9gFCGvJg4kaE,0d927ce7348243b5bbf169bfabdb23f5,2025-05-08T02:16:40Z,1,,5aa3c2af021849a6b435498c0a463a51
spotify:track:3dk7WaeS0y0JG0OMd0FVcg,0d927ce7348243b5bbf169bfabdb23f5,2025-05-08T02:16:40Z,1,,5aa3c2af021849a6b435498c0a463a51
spotify:track:2TZ1apxMDlubCGMsOxcTbT,0d927ce7348243b5bbf169bfabdb23f5,2025-05-08T02:16:40Z,1,,5aa3c2af021849a6b435498c0a463a51
spotify:track:1MhQrrQjPRL8o6m18viaZ1,0d927ce7348243b5bbf169bfabdb23f5,2025-05-08T02:16:40Z,1,,5aa3c2af021849a6b435498c0a463a51
spotify:track:0kp7Ufy5I1oHpdrUQi4QfG,0d927ce7348243b5bbf169bfabdb23f5,2025-05-08T02:16:40Z,1,,5aa3c2af021849a6b435498c0a463a51
spotify:track:2eAvDnpXP5W0cVtiI0PUxV,d994f48c4cee4e7190129a4e23c37ba4,2025-05-08T05:00:34Z,1,,5aa3c2af021849a6b435498c0a463a51
spotify:track:1MhQrrQjPRL8o6m18viaZ1,d994f48c4cee4e7190129a4e23c37ba4,2025-05-08T05:00:34Z,1,,5aa3c2af021849a6b435498c0a463a51
spotify:track:13z7RLPmgupzRwQY9NiTZU,d994f48c4cee4e7190129a4e23c37ba4,2025-05-08T05:00:34Z,1,,5aa3c2af021849a6b435498c0a463a51
spotify:track:0tDIWrioC8NSq5dZgOyMN3,d994f48c4cee4e7190129a4e23c37ba4,2025-05-08T05:00:34Z,1,,5aa3c2af021849a6b435498c0a463a51
spotify:track:0kp7Ufy5I1oHpdrUQi4QfG,d994f48c4cee4e7190129a4e23c37ba4,2025-05-08T05:00:34Z,1,,5aa3c2af021849a6b435498c0a463a51
spotify:track:2ej1A2Ze6P2EOW7KfIosZR,d994f48c4cee4e7190129a4e23c37ba4,2025-05-08T05:00:34Z,2,,5aa3c2af021849a6b435498c0a463a51
spotify:track:0kp7Ufy5I1oHpdrUQi4QfG,0067913c8633447f84a29db3863f4ae0,2025-05-08T07:11:15Z,1,,5aa3c2af021849a6b435498c0a463a51
spotify:track:3xKsf9qdS1CyvXSMEid6g8,0067913c8633447f84a29db3863f4ae0,2025-05-08T07:11:15Z,1,,5aa3c2af021849a6b435498c0a463a51
spotify:track:0tDIWrioC8NSq5dZgOyMN3,0067913c8633447f84a29db3863f4ae0,2025-05-08T07:11:15Z,1,,5aa3c2af021849a6b435498c0a463a51
spotify:track:1MhQrrQjPRL8o6m18viaZ1,0067913c8633447f84a29db3863f4ae0,2025-05-08T07:11:15Z,1,,5aa3c2af021849a6b435498c0a463a51
spotify:track:2eAvDnpXP5W0cVtiI0PUxV,0067913c8633447f84a29db3863f4ae0,2025-05-08T07:11:15Z,1,,5aa3c2af021849a6b435498c0a463a51
spotify:track:2ej1A2Ze6P2EOW7KfIosZR,0067913c8633447f84a29db3863f4ae0,2025-05-08T07:11:15Z,1,,5aa3c2af021849a6b435498c0a463a51
spotify:track:2nGFzvICaeEWjIrBrL2RAx,0067913c8633447f84a29db3863f4ae0,2025-05-08T07:11:15Z,1,,5aa3c2af021849a6b435498c0a463a51
spotify:track:0Puj4YlTm6xNzDDADXHMI9,468c128145794cb29114433b56f00c75,2025-05-13T16:23:17Z,2,,80d36445ad63499ba2aaddfab0cdccf7
spotify:track:0VgkVdmE4gld66l8iyGjgx,468c128145794cb29114433b56f00c75,2025-05-13T16:23:17Z,1,,80d36445ad63499ba2aaddfab0cdccf7
spotify:track:1ixbwbeBi5ufN4noUKmW5a,468c128145794cb29114433b56f00c75,2025-05-13T16:23:17Z,1,,80d36445ad63499ba2aaddfab0cdccf7
spotify:track:2HRYa6iG1M5DRefO8pK2I3,468c128145794cb29114433b56f00c75,2025-05-13T16:23:17Z,1,Reagan ðŸ‘ºðŸ‘¹,80d36445ad63499ba2aaddfab0cdccf7
spotify:track:4geKqZSxZdEsCUnMVhSThr,468c128145794cb29114433b56f00c75,2025-05-13T16:23:17Z,1,,80d36445ad63499ba2aaddfab0cdccf7
spotify:track:4wD6EgZCok8Qb5Fs8jszYc,468c128145794cb29114433b56f00c75,2025-05-13T16:23:17Z,1,,80d36445ad63499ba2aaddfab0cdccf7
spotify:track:1ixbwbeBi5ufN4noUKmW5a,64960925d3654633a3c3cc71a78cd073,2025-05-14T05:47:47Z,1,,80d36445ad63499ba2aaddfab0cdccf7
spotify:track:3HsFSrIsbO54TFDfG66pZm,64960925d3654633a3c3cc71a78cd073,2025-05-14T05:47:47Z,1,,80d36445ad63499ba2aaddfab0cdccf7
spotify:track:4DZ1owekDuxYANUMiqe4mA,64960925d3654633a3c3cc71a78cd073,2025-05-14T05:47:47Z,1,,80d36445ad63499ba2aaddfab0cdccf7
spotify:track:4kfPFH4eobdyzyqEJd6sMo,64960925d3654633a3c3cc71a78cd073,2025-05-14T05:47:47Z,1,,80d36445ad63499ba2aaddfab0cdccf7
spotify:track:4wD6EgZCok8Qb5Fs8jszYc,64960925d3654633a3c3cc71a78cd073,2025-05-14T05:47:47Z,1,,80d36445ad63499ba2aaddfab0cdccf7
spotify:track:5ZSKZ0wMdlMi4bQ3XZXXsp,64960925d3654633a3c3cc71a78cd073,2025-05-14T05:47:47Z,1,,80d36445ad63499ba2aaddfab0cdccf7
spotify:track:6V81K1OcvYgHEnCA6A2Qx9,64960925d3654633a3c3cc71a78cd073,2025-05-14T05:47:47Z,1,,80d36445ad63499ba2aaddfab0cdccf7
spotify:track:06cCziAHtDg6pcsidZHu03,0067913c8633447f84a29db3863f4ae0,2025-05-14T11:14:03Z,1,,80d36445ad63499ba2aaddfab0cdccf7
spotify:track:0Q5Ge0VBZd8tT7ovREOKwg,0067913c8633447f84a29db3863f4ae0,2025-05-14T11:14:03Z,1,,80d36445ad63499ba2aaddfab0cdccf7
spotify:track:0VgkVdmE4gld66l8iyGjgx,0067913c8633447f84a29db3863f4ae0,2025-05-14T11:14:03Z,1,,80d36445ad63499ba2aaddfab0cdccf7
spotify:track:1b6rmL3VXBgYTbn61kM8wT,0067913c8633447f84a29db3863f4ae0,2025-05-14T11:14:03Z,1,,80d36445ad63499ba2aaddfab0cdccf7
spotify:track:1zzxoZVylsna2BQB65Ppcb,0067913c8633447f84a29db3863f4ae0,2025-05-14T11:14:03Z,1,,80d36445ad63499ba2aaddfab0cdccf7
spotify:track:3K4HG9evC7dg3N0R9cYqk4,0067913c8633447f84a29db3863f4ae0,2025-05-14T11:14:03Z,1,,80d36445ad63499ba2aaddfab0cdccf7
spotify:track:5ofoB8PFmocBXFBEWVb6Vz,0067913c8633447f84a29db3863f4ae0,2025-05-14T11:14:03Z,1,,80d36445ad63499ba2aaddfab0cdccf7
spotify:track:2HRYa6iG1M5DRefO8pK2I3,0d927ce7348243b5bbf169bfabdb23f5,2025-05-14T15:04:09Z,1,,80d36445ad63499ba2aaddfab0cdccf7
spotify:track:3HsFSrIsbO54TFDfG66pZm,0d927ce7348243b5bbf169bfabdb23f5,2025-05-14T15:04:09Z,1,,80d36445ad63499ba2aaddfab0cdccf7
spotify:track:4kfPFH4eobdyzyqEJd6sMo,0d927ce7348243b5bbf169bfabdb23f5,2025-05-14T15:04:09Z,1,,80d36445ad63499ba2aaddfab0cdccf7
spotify:track:4wD6EgZCok8Qb5Fs8jszYc,0d927ce7348243b5bbf169bfabdb23f5,2025-05-14T15:04:09Z,1,,80d36445ad63499ba2aaddfab0cdccf7
spotify:track:59WN2psjkt1tyaxjspN8fp,0d927ce7348243b5bbf169bfabdb23f5,2025-05-14T15:04:09Z,1,,80d36445ad63499ba2aaddfab0cdccf7
spotify:track:5sG3G54H21hNfd5etlheoe,0d927ce7348243b5bbf169bfabdb23f5,2025-05-14T15:04:09Z,1,,80d36445ad63499ba2aaddfab0cdccf7
spotify:track:6V81K1OcvYgHEnCA6A2Qx9,0d927ce7348243b5bbf169bfabdb23f5,2025-05-14T15:04:09Z,1,,80d36445ad63499ba2aaddfab0cdccf7
spotify:track:06cCziAHtDg6pcsidZHu03,f244f319935b45f8a761ae0df0088213,2025-05-14T15:59:22Z,1,,80d36445ad63499ba2aaddfab0cdccf7
spotify:track:0EHR9OObFtjlhQB8wSt1m7,f244f319935b45f8a761ae0df0088213,2025-05-14T15:59:22Z,1,,80d36445ad63499ba2aaddfab0cdccf7
spotify:track:0tZ3mElWcr74OOhKEiNz1x,f244f319935b45f8a761ae0df0088213,2025-05-14T15:59:22Z,1,,80d36445ad63499ba2aaddfab0cdccf7
spotify:track:1b6rmL3VXBgYTbn61kM8wT,f244f319935b45f8a761ae0df0088213,2025-05-14T15:59:22Z,1,,80d36445ad63499ba2aaddfab0cdccf7
spotify:track:2HRYa6iG1M5DRefO8pK2I3,f244f319935b45f8a761ae0df0088213,2025-05-14T15:59:22Z,1,,80d36445ad63499ba2aaddfab0cdccf7
spotify:track:4ei9nlTAa7KUp0ZuqryhXC,f244f319935b45f8a761ae0df0088213,2025-05-14T15:59:22Z,1,,80d36445ad63499ba2aaddfab0cdccf7
spotify:track:6V81K1OcvYgHEnCA6A2Qx9,f244f319935b45f8a761ae0df0088213,2025-05-14T15:59:22Z,1,,80d36445ad63499ba2aaddfab0cdccf7
spotify:track:0Puj4YlTm6xNzDDADXHMI9,4d224c85483b4c4381c7121c3973a84f,2025-05-14T20:18:42Z,1,,80d36445ad63499ba2aaddfab0cdccf7
spotify:track:0tZ3mElWcr74OOhKEiNz1x,4d224c85483b4c4381c7121c3973a84f,2025-05-14T20:18:42Z,1,,80d36445ad63499ba2aaddfab0cdccf7
spotify:track:1esmJ8t2PRbYt2yMx2aSEW,4d224c85483b4c4381c7121c3973a84f,2025-05-14T20:18:42Z,1,,80d36445ad63499ba2aaddfab0cdccf7
spotify:track:2YodwKJnbPyNKe8XXSE9V7,4d224c85483b4c4381c7121c3973a84f,2025-05-14T20:18:42Z,1,,80d36445ad63499ba2aaddfab0cdccf7
spotify:track:3HsFSrIsbO54TFDfG66pZm,4d224c85483b4c4381c7121c3973a84f,2025-05-14T20:18:42Z,1,,80d36445ad63499ba2aaddfab0cdccf7
spotify:track:59WN2psjkt1tyaxjspN8fp,4d224c85483b4c4381c7121c3973a84f,2025-05-14T20:18:42Z,1,,80d36445ad63499ba2aaddfab0cdccf7
spotify:track:5sG3G54H21hNfd5etlheoe,4d224c85483b4c4381c7121c3973a84f,2025-05-14T20:18:42Z,1,,80d36445ad63499ba2aaddfab0cdccf7
spotify:track:0Puj4YlTm6xNzDDADXHMI9,d994f48c4cee4e7190129a4e23c37ba4,2025-05-15T07:40:40Z,1,,80d36445ad63499ba2aaddfab0cdccf7
spotify:track:0Q5Ge0VBZd8tT7ovREOKwg,d994f48c4cee4e7190129a4e23c37ba4,2025-05-15T07:40:40Z,1,,80d36445ad63499ba2aaddfab0cdccf7
spotify:track:1b6rmL3VXBgYTbn61kM8wT,d994f48c4cee4e7190129a4e23c37ba4,2025-05-15T07:40:40Z,1,,80d36445ad63499ba2aaddfab0cdccf7
spotify:track:2YodwKJnbPyNKe8XXSE9V7,d994f48c4cee4e7190129a4e23c37ba4,2025-05-15T07:40:40Z,1,,80d36445ad63499ba2aaddfab0cdccf7
spotify:track:4kfPFH4eobdyzyqEJd6sMo,d994f48c4cee4e7190129a4e23c37ba4,2025-05-15T07:40:40Z,1,,80d36445ad63499ba2aaddfab0cdccf7
spotify:track:4wD6EgZCok8Qb5Fs8jszYc,d994f48c4cee4e7190129a4e23c37ba4,2025-05-15T07:40:40Z,1,,80d36445ad63499ba2aaddfab0cdccf7
spotify:track:5sG3G54H21hNfd5etlheoe,d994f48c4cee4e7190129a4e23c37ba4,2025-05-15T07:40:40Z,1,,80d36445ad63499ba2aaddfab0cdccf7
spotify:track:1esmJ8t2PRbYt2yMx2aSEW,5386dc3d7c61409e91f87bb5c0593d59,2025-05-15T21:06:53Z,1,,80d36445ad63499ba2aaddfab0cdccf7
spotify:track:1zzxoZVylsna2BQB65Ppcb,5386dc3d7c61409e91f87bb5c0593d59,2025-05-15T21:06:53Z,1,,80d36445ad63499ba2aaddfab0cdccf7
spotify:track:4geKqZSxZdEsCUnMVhSThr,5386dc3d7c61409e91f87bb5c0593d59,2025-05-15T21:06:53Z,1,,80d36445ad63499ba2aaddfab0cdccf7
spotify:track:4wD6EgZCok8Qb5Fs8jszYc,5386dc3d7c61409e91f87bb5c0593d59,2025-05-15T21:06:53Z,1,,80d36445ad63499ba2aaddfab0cdccf7
spotify:track:5sG3G54H21hNfd5etlheoe,5386dc3d7c61409e91f87bb5c0593d59,2025-05-15T21:06:53Z,1,,80d36445ad63499ba2aaddfab0cdccf7
spotify:track:6NJQpFNkDCMaRBogIi9sOI,5386dc3d7c61409e91f87bb5c0593d59,2025-05-15T21:06:53Z,1,,80d36445ad63499ba2aaddfab0cdccf7
spotify:track:6V81K1OcvYgHEnCA6A2Qx9,5386dc3d7c61409e91f87bb5c0593d59,2025-05-15T21:06:53Z,1,,80d36445ad63499ba2aaddfab0cdccf7
spotify:track:1b6rmL3VXBgYTbn61kM8wT,8226f3aecb874d7b92e1a6b37a0ce629,2025-05-16T22:36:29Z,1,,80d36445ad63499ba2aaddfab0cdccf7
spotify:track:1DIXPcTDzTj8ZMHt3PDt8p,8226f3aecb874d7b92e1a6b37a0ce629,2025-05-16T22:36:29Z,1,,80d36445ad63499ba2aaddfab0cdccf7
spotify:track:1ixbwbeBi5ufN4noUKmW5a,8226f3aecb874d7b92e1a6b37a0ce629,2025-05-16T22:36:29Z,1,,80d36445ad63499ba2aaddfab0cdccf7
spotify:track:1zzxoZVylsna2BQB65Ppcb,8226f3aecb874d7b92e1a6b37a0ce629,2025-05-16T22:36:29Z,1,,80d36445ad63499ba2aaddfab0cdccf7
spotify:track:3HsFSrIsbO54TFDfG66pZm,8226f3aecb874d7b92e1a6b37a0ce629,2025-05-16T22:36:29Z,1,,80d36445ad63499ba2aaddfab0cdccf7
spotify:track:4wD6EgZCok8Qb5Fs8jszYc,8226f3aecb874d7b92e1a6b37a0ce629,2025-05-16T22:36:29Z,1,,80d36445ad63499ba2aaddfab0cdccf7
spotify:track:6V81K1OcvYgHEnCA6A2Qx9,8226f3aecb874d7b92e1a6b37a0ce629,2025-05-16T22:36:29Z,1,,80d36445ad63499ba2aaddfab0cdccf7
spotify:track:0EHR9OObFtjlhQB8wSt1m7,fb5a064490e94e9ea947db8cde7bc9f3,2025-05-17T07:39:30Z,1,,80d36445ad63499ba2aaddfab0cdccf7
spotify:track:1DIXPcTDzTj8ZMHt3PDt8p,fb5a064490e94e9ea947db8cde7bc9f3,2025-05-17T07:39:30Z,1,,80d36445ad63499ba2aaddfab0cdccf7
spotify:track:1ixbwbeBi5ufN4noUKmW5a,fb5a064490e94e9ea947db8cde7bc9f3,2025-05-17T07:39:30Z,1,,80d36445ad63499ba2aaddfab0cdccf7
spotify:track:3HsFSrIsbO54TFDfG66pZm,fb5a064490e94e9ea947db8cde7bc9f3,2025-05-17T07:39:30Z,1,,80d36445ad63499ba2aaddfab0cdccf7
spotify:track:4DZ1owekDuxYANUMiqe4mA,fb5a064490e94e9ea947db8cde7bc9f3,2025-05-17T07:39:30Z,1,,80d36445ad63499ba2aaddfab0cdccf7
spotify:track:4ei9nlTAa7KUp0ZuqryhXC,fb5a064490e94e9ea947db8cde7bc9f3,2025-05-17T07:39:30Z,1,,80d36445ad63499ba2aaddfab0cdccf7
spotify:track:5sG3G54H21hNfd5etlheoe,fb5a064490e94e9ea947db8cde7bc9f3,2025-05-17T07:39:30Z,1,,80d36445ad63499ba2aaddfab0cdccf7
spotify:track:0FTmksd2dxiE5e3rWyJXs6,8226f3aecb874d7b92e1a6b37a0ce629,2025-05-23T12:58:09Z,1,,c9faae2fb05d4560a8d346196357614c
spotify:track:1eyzqe2QqGZUmfcPZtrIyt,8226f3aecb874d7b92e1a6b37a0ce629,2025-05-23T12:58:09Z,1,,c9faae2fb05d4560a8d346196357614c
spotify:track:3IYPLyQDgCJsyRgJ1NWWGv,8226f3aecb874d7b92e1a6b37a0ce629,2025-05-23T12:58:09Z,1,,c9faae2fb05d4560a8d346196357614c
spotify:track:4IU1RL4BKvFyXtbTwaHAvW,8226f3aecb874d7b92e1a6b37a0ce629,2025-05-23T12:58:09Z,1,,c9faae2fb05d4560a8d346196357614c
spotify:track:5L0KDoZklMgs9GPoonneEl,8226f3aecb874d7b92e1a6b37a0ce629,2025-05-23T12:58:09Z,1,,c9faae2fb05d4560a8d346196357614c
spotify:track:6U0FIYXCQ3TGrk4tFpLrEA,8226f3aecb874d7b92e1a6b37a0ce629,2025-05-23T12:58:09Z,1,,c9faae2fb05d4560a8d346196357614c
spotify:track:7F6PtLP6fJPVtA1FWVkl8K,8226f3aecb874d7b92e1a6b37a0ce629,2025-05-23T12:58:09Z,1,,c9faae2fb05d4560a8d346196357614c
spotify:track:0FTmksd2dxiE5e3rWyJXs6,64960925d3654633a3c3cc71a78cd073,2025-05-24T05:25:55Z,1,,c9faae2fb05d4560a8d346196357614c
spotify:track:0v6ivHTT6dmuOtge9LeaCn,64960925d3654633a3c3cc71a78cd073,2025-05-24T05:25:55Z,1,,c9faae2fb05d4560a8d346196357614c
spotify:track:0vWcyqsijmvup89M3yT5Uj,64960925d3654633a3c3cc71a78cd073,2025-05-24T05:25:55Z,1,,c9faae2fb05d4560a8d346196357614c
spotify:track:0Z3YRaL0NvDgPdhTQTnqip,64960925d3654633a3c3cc71a78cd073,2025-05-24T05:25:55Z,1,,c9faae2fb05d4560a8d346196357614c
spotify:track:3piFDiUbzNvtw925JBhgru,64960925d3654633a3c3cc71a78cd073,2025-05-24T05:25:55Z,1,,c9faae2fb05d4560a8d346196357614c
spotify:track:6U0FIYXCQ3TGrk4tFpLrEA,64960925d3654633a3c3cc71a78cd073,2025-05-24T05:25:55Z,1,,c9faae2fb05d4560a8d346196357614c
spotify:track:7wdzLe2Gsx1RGqbvYZHASz,64960925d3654633a3c3cc71a78cd073,2025-05-24T05:25:55Z,1,,c9faae2fb05d4560a8d346196357614c
spotify:track:0vWcyqsijmvup89M3yT5Uj,f244f319935b45f8a761ae0df0088213,2025-05-24T20:32:48Z,1,,c9faae2fb05d4560a8d346196357614c
spotify:track:1eyzqe2QqGZUmfcPZtrIyt,f244f319935b45f8a761ae0df0088213,2025-05-24T20:32:48Z,1,,c9faae2fb05d4560a8d346196357614c
spotify:track:1GKrArph1YXfxMH49flYND,f244f319935b45f8a761ae0df0088213,2025-05-24T20:32:48Z,1,,c9faae2fb05d4560a8d346196357614c
spotify:track:3bbIIVIwBoLqVcLebiEJFo,f244f319935b45f8a761ae0df0088213,2025-05-24T20:32:48Z,1,,c9faae2fb05d4560a8d346196357614c
spotify:track:3piFDiUbzNvtw925JBhgru,f244f319935b45f8a761ae0df0088213,2025-05-24T20:32:48Z,1,,c9faae2fb05d4560a8d346196357614c
spotify:track:4AbYZMzeVqGE8Ys4wbI0PT,f244f319935b45f8a761ae0df0088213,2025-05-24T20:32:48Z,1,,c9faae2fb05d4560a8d346196357614c
spotify:track:7F6PtLP6fJPVtA1FWVkl8K,f244f319935b45f8a761ae0df0088213,2025-05-24T20:32:48Z,1,,c9faae2fb05d4560a8d346196357614c
spotify:track:0FTmksd2dxiE5e3rWyJXs6,fb5a064490e94e9ea947db8cde7bc9f3,2025-05-25T08:03:19Z,1,,c9faae2fb05d4560a8d346196357614c
spotify:track:0v6ivHTT6dmuOtge9LeaCn,fb5a064490e94e9ea947db8cde7bc9f3,2025-05-25T08:03:19Z,1,,c9faae2fb05d4560a8d346196357614c
spotify:track:0Z3YRaL0NvDgPdhTQTnqip,fb5a064490e94e9ea947db8cde7bc9f3,2025-05-25T08:03:19Z,1,,c9faae2fb05d4560a8d346196357614c
spotify:track:1eyzqe2QqGZUmfcPZtrIyt,fb5a064490e94e9ea947db8cde7bc9f3,2025-05-25T08:03:19Z,1,,c9faae2fb05d4560a8d346196357614c
spotify:track:1iciJTYx22rznPbpnbwgv0,fb5a064490e94e9ea947db8cde7bc9f3,2025-05-25T08:03:19Z,1,,c9faae2fb05d4560a8d346196357614c
spotify:track:3IYPLyQDgCJsyRgJ1NWWGv,fb5a064490e94e9ea947db8cde7bc9f3,2025-05-25T08:03:19Z,1,,c9faae2fb05d4560a8d346196357614c
spotify:track:4AbYZMzeVqGE8Ys4wbI0PT,fb5a064490e94e9ea947db8cde7bc9f3,2025-05-25T08:03:19Z,1,,c9faae2fb05d4560a8d346196357614c
spotify:track:0Eqg0CQ7bK3RQIMPw1A7pl,d994f48c4cee4e7190129a4e23c37ba4,2025-05-26T15:24:24Z,1,,c9faae2fb05d4560a8d346196357614c
spotify:track:0v6ivHTT6dmuOtge9LeaCn,d994f48c4cee4e7190129a4e23c37ba4,2025-05-26T15:24:24Z,1,,c9faae2fb05d4560a8d346196357614c
spotify:track:0vWcyqsijmvup89M3yT5Uj,d994f48c4cee4e7190129a4e23c37ba4,2025-05-26T15:24:24Z,1,,c9faae2fb05d4560a8d346196357614c
spotify:track:1iciJTYx22rznPbpnbwgv0,d994f48c4cee4e7190129a4e23c37ba4,2025-05-26T15:24:24Z,1,,c9faae2fb05d4560a8d346196357614c
spotify:track:2MA6YoaFF7fnWqkuOAWjUg,d994f48c4cee4e7190129a4e23c37ba4,2025-05-26T15:24:24Z,1,,c9faae2fb05d4560a8d346196357614c
spotify:track:3piFDiUbzNvtw925JBhgru,d994f48c4cee4e7190129a4e23c37ba4,2025-05-26T15:24:24Z,1,,c9faae2fb05d4560a8d346196357614c
spotify:track:4AbYZMzeVqGE8Ys4wbI0PT,d994f48c4cee4e7190129a4e23c37ba4,2025-05-26T15:24:24Z,1,,c9faae2fb05d4560a8d346196357614c
spotify:track:0FTmksd2dxiE5e3rWyJXs6,0067913c8633447f84a29db3863f4ae0,2025-05-26T21:38:55Z,1,,c9faae2fb05d4560a8d346196357614c
spotify:track:1di1C0QI6Y92yZPYn6XYAZ,0067913c8633447f84a29db3863f4ae0,2025-05-26T21:38:55Z,1,,c9faae2fb05d4560a8d346196357614c
spotify:track:1eyzqe2QqGZUmfcPZtrIyt,0067913c8633447f84a29db3863f4ae0,2025-05-26T21:38:55Z,1,,c9faae2fb05d4560a8d346196357614c
spotify:track:2La74vQJjGEbn0LdTKTGGY,0067913c8633447f84a29db3863f4ae0,2025-05-26T21:38:55Z,1,,c9faae2fb05d4560a8d346196357614c
spotify:track:2MA6YoaFF7fnWqkuOAWjUg,0067913c8633447f84a29db3863f4ae0,2025-05-26T21:38:55Z,1,,c9faae2fb05d4560a8d346196357614c
spotify:track:3piFDiUbzNvtw925JBhgru,0067913c8633447f84a29db3863f4ae0,2025-05-26T21:38:55Z,1,,c9faae2fb05d4560a8d346196357614c
spotify:track:7KA4W4McWYRpgf0fWsJZWB,0067913c8633447f84a29db3863f4ae0,2025-05-26T21:38:55Z,1,,c9faae2fb05d4560a8d346196357614c
spotify:track:0Eqg0CQ7bK3RQIMPw1A7pl,4d224c85483b4c4381c7121c3973a84f,2025-05-26T22:09:32Z,1,,c9faae2fb05d4560a8d346196357614c
spotify:track:0FTmksd2dxiE5e3rWyJXs6,4d224c85483b4c4381c7121c3973a84f,2025-05-26T22:09:32Z,1,,c9faae2fb05d4560a8d346196357614c
spotify:track:0v6ivHTT6dmuOtge9LeaCn,4d224c85483b4c4381c7121c3973a84f,2025-05-26T22:09:32Z,1,,c9faae2fb05d4560a8d346196357614c
spotify:track:1di1C0QI6Y92yZPYn6XYAZ,4d224c85483b4c4381c7121c3973a84f,2025-05-26T22:09:32Z,1,,c9faae2fb05d4560a8d346196357614c
spotify:track:1eyzqe2QqGZUmfcPZtrIyt,4d224c85483b4c4381c7121c3973a84f,2025-05-26T22:09:32Z,1,,c9faae2fb05d4560a8d346196357614c
spotify:track:2HafqoJbgXdtjwCOvNEF14,4d224c85483b4c4381c7121c3973a84f,2025-05-26T22:09:32Z,1,,c9faae2fb05d4560a8d346196357614c
spotify:track:3IYPLyQDgCJsyRgJ1NWWGv,4d224c85483b4c4381c7121c3973a84f,2025-05-26T22:09:32Z,1,,c9faae2fb05d4560a8d346196357614c
spotify:track:0v6ivHTT6dmuOtge9LeaCn,0d927ce7348243b5bbf169bfabdb23f5,2025-05-27T04:30:41Z,1,,c9faae2fb05d4560a8d346196357614c
spotify:track:1GKrArph1YXfxMH49flYND,0d927ce7348243b5bbf169bfabdb23f5,2025-05-27T04:30:41Z,1,,c9faae2fb05d4560a8d346196357614c
spotify:track:2La74vQJjGEbn0LdTKTGGY,0d927ce7348243b5bbf169bfabdb23f5,2025-05-27T04:30:41Z,1,,c9faae2fb05d4560a8d346196357614c
spotify:track:2MA6YoaFF7fnWqkuOAWjUg,0d927ce7348243b5bbf169bfabdb23f5,2025-05-27T04:30:41Z,1,,c9faae2fb05d4560a8d346196357614c
spotify:track:3IYPLyQDgCJsyRgJ1NWWGv,0d927ce7348243b5bbf169bfabdb23f5,2025-05-27T04:30:41Z,1,,c9faae2fb05d4560a8d346196357614c
spotify:track:4AbYZMzeVqGE8Ys4wbI0PT,0d927ce7348243b5bbf169bfabdb23f5,2025-05-27T04:30:41Z,1,,c9faae2fb05d4560a8d346196357614c
spotify:track:4IU1RL4BKvFyXtbTwaHAvW,0d927ce7348243b5bbf169bfabdb23f5,2025-05-27T04:30:41Z,1,,c9faae2fb05d4560a8d346196357614c
spotify:track:0rbuGVyW18IpX0bhA3P4Oh,468c128145794cb29114433b56f00c75,2025-06-02T19:36:35Z,1,,0acc2880cdc34cf397051eed6ee1b4cb
spotify:track:1BHse4ulQefGTZZIeziZqr,468c128145794cb29114433b56f00c75,2025-06-02T19:36:35Z,1,,0acc2880cdc34cf397051eed6ee1b4cb
spotify:track:2dLLR6qlu5UJ5gk0dKz0h3,468c128145794cb29114433b56f00c75,2025-06-02T19:36:35Z,1,,0acc2880cdc34cf397051eed6ee1b4cb
spotify:track:2M9ro2krNb7nr7HSprkEgo,468c128145794cb29114433b56f00c75,2025-06-02T19:36:35Z,1,,0acc2880cdc34cf397051eed6ee1b4cb
spotify:track:3JOdLCIBzQYwHIvpN3isVf,468c128145794cb29114433b56f00c75,2025-06-02T19:36:35Z,1,,0acc2880cdc34cf397051eed6ee1b4cb
spotify:track:5b3p0Lc2Kc1gwZnECZ1kmg,468c128145794cb29114433b56f00c75,2025-06-02T19:36:35Z,1,,0acc2880cdc34cf397051eed6ee1b4cb
spotify:track:5SkRLpaGtvYPhw02vZhQQ9,468c128145794cb29114433b56f00c75,2025-06-02T19:36:35Z,1,,0acc2880cdc34cf397051eed6ee1b4cb
spotify:track:18t2y3Uy5oiZDYV1OUiHpL,f244f319935b45f8a761ae0df0088213,2025-06-02T21:26:11Z,1,,0acc2880cdc34cf397051eed6ee1b4cb
spotify:track:1pKYYY0dkg23sQQXi0Q5zN,f244f319935b45f8a761ae0df0088213,2025-06-02T21:26:11Z,1,,0acc2880cdc34cf397051eed6ee1b4cb
spotify:track:2M9ro2krNb7nr7HSprkEgo,f244f319935b45f8a761ae0df0088213,2025-06-02T21:26:11Z,1,,0acc2880cdc34cf397051eed6ee1b4cb
spotify:track:4bPQs0PHn4xbipzdPfn6du,f244f319935b45f8a761ae0df0088213,2025-06-02T21:26:11Z,1,,0acc2880cdc34cf397051eed6ee1b4cb
spotify:track:5Nm9ERjJZ5oyfXZTECKmRt,f244f319935b45f8a761ae0df0088213,2025-06-02T21:26:11Z,1,,0acc2880cdc34cf397051eed6ee1b4cb
spotify:track:5SkRLpaGtvYPhw02vZhQQ9,f244f319935b45f8a761ae0df0088213,2025-06-02T21:26:11Z,1,,0acc2880cdc34cf397051eed6ee1b4cb
spotify:track:60a0Rd6pjrkxjPbaKzXjfq,f244f319935b45f8a761ae0df0088213,2025-06-02T21:26:11Z,1,,0acc2880cdc34cf397051eed6ee1b4cb
spotify:track:1pKYYY0dkg23sQQXi0Q5zN,5386dc3d7c61409e91f87bb5c0593d59,2025-06-03T00:48:19Z,1,,0acc2880cdc34cf397051eed6ee1b4cb
spotify:track:33yAEqzKXexYM3WlOYtTfQ,5386dc3d7c61409e91f87bb5c0593d59,2025-06-03T00:48:19Z,1,,0acc2880cdc34cf397051eed6ee1b4cb
spotify:track:3DQVgcqaP3iSMbaKsd57l5,5386dc3d7c61409e91f87bb5c0593d59,2025-06-03T00:48:19Z,1,,0acc2880cdc34cf397051eed6ee1b4cb
spotify:track:3JOdLCIBzQYwHIvpN3isVf,5386dc3d7c61409e91f87bb5c0593d59,2025-06-03T00:48:19Z,1,,0acc2880cdc34cf397051eed6ee1b4cb
spotify:track:4bPQs0PHn4xbipzdPfn6du,5386dc3d7c61409e91f87bb5c0593d59,2025-06-03T00:48:19Z,1,,0acc2880cdc34cf397051eed6ee1b4cb
spotify:track:5Nm9ERjJZ5oyfXZTECKmRt,5386dc3d7c61409e91f87bb5c0593d59,2025-06-03T00:48:19Z,1,,0acc2880cdc34cf397051eed6ee1b4cb
spotify:track:5SkRLpaGtvYPhw02vZhQQ9,5386dc3d7c61409e91f87bb5c0593d59,2025-06-03T00:48:19Z,1,,0acc2880cdc34cf397051eed6ee1b4cb
spotify:track:18t2y3Uy5oiZDYV1OUiHpL,488b84c31b5c4e7bb1c5fcf77b011a5a,2025-06-03T07:18:10Z,1,,0acc2880cdc34cf397051eed6ee1b4cb
spotify:track:2M9ro2krNb7nr7HSprkEgo,488b84c31b5c4e7bb1c5fcf77b011a5a,2025-06-03T07:18:10Z,2,,0acc2880cdc34cf397051eed6ee1b4cb
spotify:track:33yAEqzKXexYM3WlOYtTfQ,488b84c31b5c4e7bb1c5fcf77b011a5a,2025-06-03T07:18:10Z,1,,0acc2880cdc34cf397051eed6ee1b4cb
spotify:track:3yfqSUWxFvZELEM4PmlwIR,488b84c31b5c4e7bb1c5fcf77b011a5a,2025-06-03T07:18:10Z,1,,0acc2880cdc34cf397051eed6ee1b4cb
spotify:track:4TsmezEQVSZNNPv5RJ65Ov,488b84c31b5c4e7bb1c5fcf77b011a5a,2025-06-03T07:18:10Z,1,,0acc2880cdc34cf397051eed6ee1b4cb
spotify:track:5Nm9ERjJZ5oyfXZTECKmRt,488b84c31b5c4e7bb1c5fcf77b011a5a,2025-06-03T07:18:10Z,1,,0acc2880cdc34cf397051eed6ee1b4cb
spotify:track:18t2y3Uy5oiZDYV1OUiHpL,8226f3aecb874d7b92e1a6b37a0ce629,2025-06-03T14:14:11Z,1,,0acc2880cdc34cf397051eed6ee1b4cb
spotify:track:2sGW3oAAtVVz0hBLK33sol,8226f3aecb874d7b92e1a6b37a0ce629,2025-06-03T14:14:11Z,1,,0acc2880cdc34cf397051eed6ee1b4cb
spotify:track:2uIX8YMNjGMD7441kqyyNU,8226f3aecb874d7b92e1a6b37a0ce629,2025-06-03T14:14:11Z,1,,0acc2880cdc34cf397051eed6ee1b4cb
spotify:track:33yAEqzKXexYM3WlOYtTfQ,8226f3aecb874d7b92e1a6b37a0ce629,2025-06-03T14:14:11Z,1,,0acc2880cdc34cf397051eed6ee1b4cb
spotify:track:3ZJKtP0HZU2QOk2LvlHVhd,8226f3aecb874d7b92e1a6b37a0ce629,2025-06-03T14:14:11Z,1,,0acc2880cdc34cf397051eed6ee1b4cb
spotify:track:4PXfmfjAmzXiV45V6MgIoe,8226f3aecb874d7b92e1a6b37a0ce629,2025-06-03T14:14:11Z,1,,0acc2880cdc34cf397051eed6ee1b4cb
spotify:track:6nAzqdRCmSVb0Qnmc9Qp7a,8226f3aecb874d7b92e1a6b37a0ce629,2025-06-03T14:14:11Z,1,,0acc2880cdc34cf397051eed6ee1b4cb
spotify:track:1pKYYY0dkg23sQQXi0Q5zN,64960925d3654633a3c3cc71a78cd073,2025-06-04T00:34:11Z,1,,0acc2880cdc34cf397051eed6ee1b4cb
spotify:track:2M9ro2krNb7nr7HSprkEgo,64960925d3654633a3c3cc71a78cd073,2025-06-04T00:34:11Z,1,,0acc2880cdc34cf397051eed6ee1b4cb
spotify:track:33yAEqzKXexYM3WlOYtTfQ,64960925d3654633a3c3cc71a78cd073,2025-06-04T00:34:11Z,1,,0acc2880cdc34cf397051eed6ee1b4cb
spotify:track:4b3nqqNUCoRRq03NE1nQL4,64960925d3654633a3c3cc71a78cd073,2025-06-04T00:34:11Z,1,,0acc2880cdc34cf397051eed6ee1b4cb
spotify:track:4bPQs0PHn4xbipzdPfn6du,64960925d3654633a3c3cc71a78cd073,2025-06-04T00:34:11Z,1,,0acc2880cdc34cf397051eed6ee1b4cb
spotify:track:4TsmezEQVSZNNPv5RJ65Ov,64960925d3654633a3c3cc71a78cd073,2025-06-04T00:34:11Z,1,,0acc2880cdc34cf397051eed6ee1b4cb
spotify:track:60a0Rd6pjrkxjPbaKzXjfq,64960925d3654633a3c3cc71a78cd073,2025-06-04T00:34:11Z,1,,0acc2880cdc34cf397051eed6ee1b4cb
spotify:track:1pKYYY0dkg23sQQXi0Q5zN,0d927ce7348243b5bbf169bfabdb23f5,2025-06-04T01:31:03Z,1,,0acc2880cdc34cf397051eed6ee1b4cb
spotify:track:1RHoJ7OTSgYdij5xaQf3nj,0d927ce7348243b5bbf169bfabdb23f5,2025-06-04T01:31:03Z,1,,0acc2880cdc34cf397051eed6ee1b4cb
spotify:track:2M9ro2krNb7nr7HSprkEgo,0d927ce7348243b5bbf169bfabdb23f5,2025-06-04T01:31:03Z,1,,0acc2880cdc34cf397051eed6ee1b4cb
spotify:track:2sGW3oAAtVVz0hBLK33sol,0d927ce7348243b5bbf169bfabdb23f5,2025-06-04T01:31:03Z,1,,0acc2880cdc34cf397051eed6ee1b4cb
spotify:track:3ZJKtP0HZU2QOk2LvlHVhd,0d927ce7348243b5bbf169bfabdb23f5,2025-06-04T01:31:03Z,1,,0acc2880cdc34cf397051eed6ee1b4cb
spotify:track:6nz35DNIzbtj5ztpDEcW1j,0d927ce7348243b5bbf169bfabdb23f5,2025-06-04T01:31:03Z,1,,0acc2880cdc34cf397051eed6ee1b4cb
spotify:track:7mG2RbhyzGsjpQOz568d39,0d927ce7348243b5bbf169bfabdb23f5,2025-06-04T01:31:03Z,1,,0acc2880cdc34cf397051eed6ee1b4cb
spotify:track:29engDqjmMr3VLqMm0c0WE,4d224c85483b4c4381c7121c3973a84f,2025-06-04T01:34:47Z,1,,0acc2880cdc34cf397051eed6ee1b4cb
spotify:track:4bPQs0PHn4xbipzdPfn6du,4d224c85483b4c4381c7121c3973a84f,2025-06-04T01:34:47Z,1,,0acc2880cdc34cf397051eed6ee1b4cb
spotify:track:4liU3DFRYBLILnaubk2j7L,4d224c85483b4c4381c7121c3973a84f,2025-06-04T01:34:47Z,1,,0acc2880cdc34cf397051eed6ee1b4cb
spotify:track:60a0Rd6pjrkxjPbaKzXjfq,4d224c85483b4c4381c7121c3973a84f,2025-06-04T01:34:47Z,1,,0acc2880cdc34cf397051eed6ee1b4cb
spotify:track:6nz35DNIzbtj5ztpDEcW1j,4d224c85483b4c4381c7121c3973a84f,2025-06-04T01:34:47Z,1,,0acc2880cdc34cf397051eed6ee1b4cb
spotify:track:6qL7sccU4FQS6zUgKCzNu6,4d224c85483b4c4381c7121c3973a84f,2025-06-04T01:34:47Z,1,,0acc2880cdc34cf397051eed6ee1b4cb
spotify:track:7mG2RbhyzGsjpQOz568d39,4d224c85483b4c4381c7121c3973a84f,2025-06-04T01:34:47Z,1,,0acc2880cdc34cf397051eed6ee1b4cb
spotify:track:0KVWVuutF9Dn8li4HdyAeU,d994f48c4cee4e7190129a4e23c37ba4,2025-06-04T15:25:28Z,1,,0acc2880cdc34cf397051eed6ee1b4cb
spotify:track:29engDqjmMr3VLqMm0c0WE,d994f48c4cee4e7190129a4e23c37ba4,2025-06-04T15:25:28Z,1,,0acc2880cdc34cf397051eed6ee1b4cb
spotify:track:3DQVgcqaP3iSMbaKsd57l5,d994f48c4cee4e7190129a4e23c37ba4,2025-06-04T15:25:28Z,1,,0acc2880cdc34cf397051eed6ee1b4cb
spotify:track:3ZJKtP0HZU2QOk2LvlHVhd,d994f48c4cee4e7190129a4e23c37ba4,2025-06-04T15:25:28Z,1,,0acc2880cdc34cf397051eed6ee1b4cb
spotify:track:4b3nqqNUCoRRq03NE1nQL4,d994f48c4cee4e7190129a4e23c37ba4,2025-06-04T15:25:28Z,1,,0acc2880cdc34cf397051eed6ee1b4cb
spotify:track:5b3p0Lc2Kc1gwZnECZ1kmg,d994f48c4cee4e7190129a4e23c37ba4,2025-06-04T15:25:28Z,2,,0acc2880cdc34cf397051eed6ee1b4cb
spotify:track:0KVWVuutF9Dn8li4HdyAeU,0067913c8633447f84a29db3863f4ae0,2025-06-04T16:13:51Z,1,,0acc2880cdc34cf397051eed6ee1b4cb
spotify:track:1BHse4ulQefGTZZIeziZqr,0067913c8633447f84a29db3863f4ae0,2025-06-04T16:13:51Z,1,,0acc2880cdc34cf397051eed6ee1b4cb
spotify:track:3DQVgcqaP3iSMbaKsd57l5,0067913c8633447f84a29db3863f4ae0,2025-06-04T16:13:51Z,1,,0acc2880cdc34cf397051eed6ee1b4cb
spotify:track:3ZJKtP0HZU2QOk2LvlHVhd,0067913c8633447f84a29db3863f4ae0,2025-06-04T16:13:51Z,1,,0acc2880cdc34cf397051eed6ee1b4cb
spotify:track:5b3p0Lc2Kc1gwZnECZ1kmg,0067913c8633447f84a29db3863f4ae0,2025-06-04T16:13:51Z,1,,0acc2880cdc34cf397051eed6ee1b4cb
spotify:track:5k2UhxsBbcIOwL2ETokgSl,0067913c8633447f84a29db3863f4ae0,2025-06-04T16:13:51Z,1,,0acc2880cdc34cf397051eed6ee1b4cb
spotify:track:60a0Rd6pjrkxjPbaKzXjfq,0067913c8633447f84a29db3863f4ae0,2025-06-04T16:13:51Z,1,,0acc2880cdc34cf397051eed6ee1b4cb
spotify:track:18t2y3Uy5oiZDYV1OUiHpL,fb5a064490e94e9ea947db8cde7bc9f3,2025-06-04T18:07:42Z,1,,0acc2880cdc34cf397051eed6ee1b4cb
spotify:track:2sGW3oAAtVVz0hBLK33sol,fb5a064490e94e9ea947db8cde7bc9f3,2025-06-04T18:07:42Z,1,,0acc2880cdc34cf397051eed6ee1b4cb
spotify:track:4bPQs0PHn4xbipzdPfn6du,fb5a064490e94e9ea947db8cde7bc9f3,2025-06-04T18:07:42Z,1,,0acc2880cdc34cf397051eed6ee1b4cb
spotify:track:4liU3DFRYBLILnaubk2j7L,fb5a064490e94e9ea947db8cde7bc9f3,2025-06-04T18:07:42Z,1,,0acc2880cdc34cf397051eed6ee1b4cb
spotify:track:4TsmezEQVSZNNPv5RJ65Ov,fb5a064490e94e9ea947db8cde7bc9f3,2025-06-04T18:07:42Z,1,,0acc2880cdc34cf397051eed6ee1b4cb
spotify:track:5SkRLpaGtvYPhw02vZhQQ9,fb5a064490e94e9ea947db8cde7bc9f3,2025-06-04T18:07:42Z,1,,0acc2880cdc34cf397051eed6ee1b4cb
spotify:track:6qL7sccU4FQS6zUgKCzNu6,fb5a064490e94e9ea947db8cde7bc9f3,2025-06-04T18:07:42Z,1,,0acc2880cdc34cf397051eed6ee1b4cb
