ID,Name
0067913c8633447f84a29db3863f4ae0,Brandon Chin
0d927ce7348243b5bbf169bfabdb23f5,Yami
11a007dcf397496aaf3e058a659087ab,HYUN
1280f94b909044f1bc94ef75f724d313,vduong1214
468c128145794cb29114433b56f00c75,Luke
488b84c31b5c4e7bb1c5fcf77b011a5a,bOOMSLANG
4d224c85483b4c4381c7121c3973a84f,Lesliem
5386dc3d7c61409e91f87bb5c0593d59,Sheryl
617cd23ac3d7483889458e4c6aa51d54,Cody Alidon
64960925d3654633a3c3cc71a78cd073,Kalvin Tang
8226f3aecb874d7b92e1a6b37a0ce629,Chris Nguyen
af88f1d2fbf149588449f43debad7995,Justin Chan
bd25941cf0214c58a7f30a4e5efc89f8,Daniel 
d22d70af787d446d8542ba79a38845aa,Constantinople 
d994f48c4cee4e7190129a4e23c37ba4,napdemesa
f244f319935b45f8a761ae0df0088213,A Tomato
fb5a064490e94e9ea947db8cde7bc9f3,Lauran
